{
"type": "FeatureCollection",
"name": "ubicaciones_trolebus",
"crs": { "type": "name", "properties": { "name": "urn:ogc:def:crs:OGC:1.3:CRS84" } },
"features": [
{"type":"Feature","properties":{"circuito":"1 y 2","SISTEMA":"STE Trolebús","NOMBRE":"T. San Felipe de Jesús","TIPO":"Terminal","LINEA":"05","ALCALDIAS":"Gustavo A. Madero","Ramp_s_rue":null},"geometry":{"type":"Point","coordinates":[-99.065083,19.49606,0.0]}},
{"type":"Feature","properties":{"circuito":"1 y 2","SISTEMA":"STE Trolebús","NOMBRE":"Tres Culturas","TIPO":"Intermedia","LINEA":"05","ALCALDIAS":"Cuauhtémoc","Ramp_s_rue":null},"geometry":{"type":"Point","coordinates":[-99.132760318352098,19.450908651907724,0.0]}},
{"type":"Feature","properties":{"circuito":"1 y 2","SISTEMA":"STE Trolebús","NOMBRE":"Glorieta Cuitláhuac I","TIPO":"Intermedia","LINEA":"05","ALCALDIAS":"Cuauhtémoc","Ramp_s_rue":null},"geometry":{"type":"Point","coordinates":[-99.133913428204551,19.449469820635329,0.0]}},
{"type":"Feature","properties":{"circuito":"1 y 2","SISTEMA":"STE Trolebús","NOMBRE":"Glorieta Cuitláhuac","TIPO":"Intermedia","LINEA":"05","ALCALDIAS":"Cuauhtémoc","Ramp_s_rue":null},"geometry":{"type":"Point","coordinates":[-99.135760506093447,19.447434580720337,0.0]}},
{"type":"Feature","properties":{"circuito":"1 y 2","SISTEMA":"STE Trolebús","NOMBRE":"Glorieta Violeta","TIPO":"Intermedia","LINEA":"05","ALCALDIAS":"Cuauhtémoc","Ramp_s_rue":null},"geometry":{"type":"Point","coordinates":[-99.142336426800242,19.441578080725421,0.0]}},
{"type":"Feature","properties":{"circuito":"1 y 2","SISTEMA":"STE Trolebús","NOMBRE":"Glorieta Violeta","TIPO":"Intermedia","LINEA":"05","ALCALDIAS":"Cuauhtémoc","Ramp_s_rue":null},"geometry":{"type":"Point","coordinates":[-99.14403344329655,19.43959274567489,0.0]}},
{"type":"Feature","properties":{"circuito":"1 y 2","SISTEMA":"STE Trolebús","NOMBRE":"Metro Hidalgo","TIPO":"Intermedia","LINEA":"05","ALCALDIAS":"Cuauhtémoc","Ramp_s_rue":null},"geometry":{"type":"Point","coordinates":[-99.146154853726102,19.43774578026034,0.0]}},
{"type":"Feature","properties":{"circuito":"1 y 2","SISTEMA":"STE Trolebús","NOMBRE":"Camino de la Unión","TIPO":"Intermedia","LINEA":"05","ALCALDIAS":"Gustavo A. Madero","Ramp_s_rue":null},"geometry":{"type":"Point","coordinates":[-99.076248,19.48272,0.0]}},
{"type":"Feature","properties":{"circuito":"1 y 2","SISTEMA":"STE Trolebús","NOMBRE":"Zaragoza","TIPO":"Intermedia","LINEA":"05","ALCALDIAS":"Gustavo A. Madero","Ramp_s_rue":null},"geometry":{"type":"Point","coordinates":[-99.117693,19.488203,0.0]}},
{"type":"Feature","properties":{"circuito":"1 y 2","SISTEMA":"STE Trolebús","NOMBRE":"Av. Montevideo","TIPO":"Intermedia","LINEA":"05","ALCALDIAS":"Gustavo A. Madero","Ramp_s_rue":null},"geometry":{"type":"Point","coordinates":[-99.118448,19.486033,0.0]}},
{"type":"Feature","properties":{"circuito":"2","SISTEMA":"STE Trolebús","NOMBRE":"Ricarte","TIPO":"Intermedia","LINEA":"05","ALCALDIAS":"Gustavo A. Madero","Ramp_s_rue":null},"geometry":{"type":"Point","coordinates":[-99.119939,19.482005,0.0]}},
{"type":"Feature","properties":{"circuito":"2","SISTEMA":"STE Trolebús","NOMBRE":"Fortuna","TIPO":"Intermedia","LINEA":"05","ALCALDIAS":"Gustavo A. Madero","Ramp_s_rue":null},"geometry":{"type":"Point","coordinates":[-99.120712,19.479906,0.0]}},
{"type":"Feature","properties":{"circuito":"2","SISTEMA":"STE Trolebús","NOMBRE":"Euzcaro","TIPO":"Intermedia","LINEA":"05","ALCALDIAS":"Gustavo A. Madero","Ramp_s_rue":null},"geometry":{"type":"Point","coordinates":[-99.121154,19.478807,0.0]}},
{"type":"Feature","properties":{"circuito":"2","SISTEMA":"STE Trolebús","NOMBRE":"Río Blanco","TIPO":"Intermedia","LINEA":"05","ALCALDIAS":"Gustavo A. Madero","Ramp_s_rue":null},"geometry":{"type":"Point","coordinates":[-99.121732,19.477239,0.0]}},
{"type":"Feature","properties":{"circuito":"2","SISTEMA":"STE Trolebús","NOMBRE":"Victoria","TIPO":"Intermedia","LINEA":"05","ALCALDIAS":"Gustavo A. Madero","Ramp_s_rue":null},"geometry":{"type":"Point","coordinates":[-99.122971,19.473947,0.0]}},
{"type":"Feature","properties":{"circuito":"1","SISTEMA":"STE Trolebús","NOMBRE":"Excelsior","TIPO":"Intermedia","LINEA":"05","ALCALDIAS":"Gustavo A. Madero","Ramp_s_rue":null},"geometry":{"type":"Point","coordinates":[-99.123499616744269,19.472207925861465,0.0]}},
{"type":"Feature","properties":{"circuito":"2","SISTEMA":"STE Trolebús","NOMBRE":"Basilio Romo Anguiano","TIPO":"Intermedia","LINEA":"05","ALCALDIAS":"Gustavo A. Madero","Ramp_s_rue":null},"geometry":{"type":"Point","coordinates":[-99.124264,19.470523,0.0]}},
{"type":"Feature","properties":{"circuito":"1","SISTEMA":"STE Trolebús","NOMBRE":"Robles Domínguez","TIPO":"Intermedia","LINEA":"05","ALCALDIAS":"Gustavo A. Madero","Ramp_s_rue":null},"geometry":{"type":"Point","coordinates":[-99.124886982505942,19.468546862655096,0.0]}},
{"type":"Feature","properties":{"circuito":"2","SISTEMA":"STE Trolebús","NOMBRE":"Donizetti","TIPO":"Intermedia","LINEA":"05","ALCALDIAS":"Gustavo A. Madero","Ramp_s_rue":null},"geometry":{"type":"Point","coordinates":[-99.126331,19.465021,0.0]}},
{"type":"Feature","properties":{"circuito":"2","SISTEMA":"STE Trolebús","NOMBRE":"Río Consulado","TIPO":"Intermedia","LINEA":"05","ALCALDIAS":"Gustavo A. Madero","Ramp_s_rue":null},"geometry":{"type":"Point","coordinates":[-99.127501,19.461941,0.0]}},
{"type":"Feature","properties":{"circuito":"1 y 2","SISTEMA":"STE Trolebús","NOMBRE":"Beetovhen","TIPO":"Intermedia","LINEA":"05","ALCALDIAS":"Cuauhtémoc","Ramp_s_rue":null},"geometry":{"type":"Point","coordinates":[-99.128405,19.459589,0.0]}},
{"type":"Feature","properties":{"circuito":"1","SISTEMA":"STE Trolebús","NOMBRE":"Juventino Rosas","TIPO":"Intermedia","LINEA":"05","ALCALDIAS":"Cuauhtémoc","Ramp_s_rue":null},"geometry":{"type":"Point","coordinates":[-99.129182,19.457553,0.0]}},
{"type":"Feature","properties":{"circuito":"2","SISTEMA":"STE Trolebús","NOMBRE":"Terminal Hidalgo","TIPO":"Terminal","LINEA":"05","ALCALDIAS":"Cuauhtémoc","Ramp_s_rue":null},"geometry":{"type":"Point","coordinates":[-99.143967941857326,19.437080141655301,0.0]}},
{"type":"Feature","properties":{"circuito":"2","SISTEMA":"STE Trolebús","NOMBRE":"Cobre","TIPO":"Intermedia","LINEA":"05","ALCALDIAS":"Cuauhtémoc","Ramp_s_rue":null},"geometry":{"type":"Point","coordinates":[-99.12924607224096,19.454847148569389,0.0]}},
{"type":"Feature","properties":{"circuito":"2","SISTEMA":"STE Trolebús","NOMBRE":"Hierro","TIPO":"Intermedia","LINEA":"05","ALCALDIAS":"Cuauhtémoc","Ramp_s_rue":null},"geometry":{"type":"Point","coordinates":[-99.128029,19.456715,0.0]}},
{"type":"Feature","properties":{"circuito":"2","SISTEMA":"STE Trolebús","NOMBRE":"Telurio","TIPO":"Intermedia","LINEA":"05","ALCALDIAS":"Cuauhtémoc","Ramp_s_rue":null},"geometry":{"type":"Point","coordinates":[-99.127134,19.45884,0.0]}},
{"type":"Feature","properties":{"circuito":"2","SISTEMA":"STE Trolebús","NOMBRE":"Río Consulado","TIPO":"Intermedia","LINEA":"05","ALCALDIAS":"Cuauhtémoc","Ramp_s_rue":null},"geometry":{"type":"Point","coordinates":[-99.126428,19.460718,0.0]}},
{"type":"Feature","properties":{"circuito":"2","SISTEMA":"STE Trolebús","NOMBRE":"Julieta","TIPO":"Intermedia","LINEA":"05","ALCALDIAS":"Gustavo A. Madero","Ramp_s_rue":null},"geometry":{"type":"Point","coordinates":[-99.124992,19.464292,0.0]}},
{"type":"Feature","properties":{"circuito":"2","SISTEMA":"STE Trolebús","NOMBRE":"Noé","TIPO":"Intermedia","LINEA":"05","ALCALDIAS":"Gustavo A. Madero","Ramp_s_rue":null},"geometry":{"type":"Point","coordinates":[-99.123864,19.467263,0.0]}},
{"type":"Feature","properties":{"circuito":"2","SISTEMA":"STE Trolebús","NOMBRE":"Henry Ford","TIPO":"Intermedia","LINEA":"05","ALCALDIAS":"Gustavo A. Madero","Ramp_s_rue":null},"geometry":{"type":"Point","coordinates":[-99.122404,19.470986,0.0]}},
{"type":"Feature","properties":{"circuito":"2","SISTEMA":"STE Trolebús","NOMBRE":"Victoria","TIPO":"Intermedia","LINEA":"05","ALCALDIAS":"Gustavo A. Madero","Ramp_s_rue":null},"geometry":{"type":"Point","coordinates":[-99.121583,19.473036,0.0]}},
{"type":"Feature","properties":{"circuito":"2","SISTEMA":"STE Trolebús","NOMBRE":"Joyas","TIPO":"Intermedia","LINEA":"05","ALCALDIAS":"Gustavo A. Madero","Ramp_s_rue":null},"geometry":{"type":"Point","coordinates":[-99.120312,19.476329,0.0]}},
{"type":"Feature","properties":{"circuito":"2","SISTEMA":"STE Trolebús","NOMBRE":"Talismán","TIPO":"Intermedia","LINEA":"05","ALCALDIAS":"Gustavo A. Madero","Ramp_s_rue":null},"geometry":{"type":"Point","coordinates":[-99.119674,19.477945,0.0]}},
{"type":"Feature","properties":{"circuito":"2","SISTEMA":"STE Trolebús","NOMBRE":"Moctezuma","TIPO":"Intermedia","LINEA":"05","ALCALDIAS":"Gustavo A. Madero","Ramp_s_rue":null},"geometry":{"type":"Point","coordinates":[-99.118596,19.480703,0.0]}},
{"type":"Feature","properties":{"circuito":"2","SISTEMA":"STE Trolebús","NOMBRE":"Hidalgo","TIPO":"Intermedia","LINEA":"05","ALCALDIAS":"Gustavo A. Madero","Ramp_s_rue":null},"geometry":{"type":"Point","coordinates":[-99.117085,19.480332,0.0]}},
{"type":"Feature","properties":{"circuito":"2","SISTEMA":"STE Trolebús","NOMBRE":"5 de Febrero","TIPO":"Intermedia","LINEA":"05","ALCALDIAS":"Gustavo A. Madero","Ramp_s_rue":null},"geometry":{"type":"Point","coordinates":[-99.115580511965959,19.479830114814163,0.0]}},
{"type":"Feature","properties":{"circuito":"2","SISTEMA":"STE Trolebús","NOMBRE":"Cuauhtémoc","TIPO":"Intermedia","LINEA":"05","ALCALDIAS":"Gustavo A. Madero","Ramp_s_rue":null},"geometry":{"type":"Point","coordinates":[-99.115112464102111,19.480339322933293,0.0]}},
{"type":"Feature","properties":{"circuito":"1","SISTEMA":"STE Trolebús","NOMBRE":"Gral. Villada","TIPO":"Intermedia","LINEA":"05","ALCALDIAS":"Gustavo A. Madero","Ramp_s_rue":null},"geometry":{"type":"Point","coordinates":[-99.1145168438333,19.482508996229086,0.0]}},
{"type":"Feature","properties":{"circuito":"1 y 2","SISTEMA":"STE Trolebús","NOMBRE":"Casa del Peregrino Juan Diego","TIPO":"Intermedia","LINEA":"05","ALCALDIAS":"Gustavo A. Madero","Ramp_s_rue":null},"geometry":{"type":"Point","coordinates":[-99.109787,19.483271,2243.46]}},
{"type":"Feature","properties":{"circuito":"1 y 2","SISTEMA":"STE Trolebús","NOMBRE":"Puerto de Tlacotalpan","TIPO":"Intermedia","LINEA":"05","ALCALDIAS":"Gustavo A. Madero","Ramp_s_rue":null},"geometry":{"type":"Point","coordinates":[-99.081177,19.473531,0.0]}},
{"type":"Feature","properties":{"circuito":"1 y 2","SISTEMA":"STE Trolebús","NOMBRE":"Edo. de Tabasco","TIPO":"Intermedia","LINEA":"05","ALCALDIAS":"Gustavo A. Madero","Ramp_s_rue":null},"geometry":{"type":"Point","coordinates":[-99.069745,19.485914,0.0]}},
{"type":"Feature","properties":{"circuito":"1 y 2","SISTEMA":"STE Trolebús","NOMBRE":"Sierra Hermosa","TIPO":"Intermedia","LINEA":"05","ALCALDIAS":"Gustavo A. Madero","Ramp_s_rue":null},"geometry":{"type":"Point","coordinates":[-99.065929,19.494186,0.0]}},
{"type":"Feature","properties":{"circuito":"1 y 2","SISTEMA":"STE Trolebús","NOMBRE":"Tepatitlán","TIPO":"Intermedia","LINEA":"05","ALCALDIAS":"Gustavo A. Madero","Ramp_s_rue":null},"geometry":{"type":"Point","coordinates":[-99.066645,19.492538,0.0]}},
{"type":"Feature","properties":{"circuito":"1 y 2","SISTEMA":"STE Trolebús","NOMBRE":"Garibaldi","TIPO":"Intermedia","LINEA":"05","ALCALDIAS":"Cuauhtémoc","Ramp_s_rue":null},"geometry":{"type":"Point","coordinates":[-99.139464416355764,19.443486532690699,0.0]}},
{"type":"Feature","properties":{"circuito":"1 y 2","SISTEMA":"STE Trolebús","NOMBRE":"Peralvillo","TIPO":"Intermedia","LINEA":"05","ALCALDIAS":"Cuauhtémoc","Ramp_s_rue":null},"geometry":{"type":"Point","coordinates":[-99.130962475437116,19.45270484809166,0.0]}},
{"type":"Feature","properties":{"circuito":"1 y 2","SISTEMA":"STE Trolebús","NOMBRE":"Calpulalpan","TIPO":"Intermedia","LINEA":"05","ALCALDIAS":"Gustavo A. Madero","Ramp_s_rue":null},"geometry":{"type":"Point","coordinates":[-99.067479,19.490607,0.0]}},
{"type":"Feature","properties":{"circuito":"1 y 2","SISTEMA":"STE Trolebús","NOMBRE":"Villa de Ayala","TIPO":"Intermedia","LINEA":"05","ALCALDIAS":"Gustavo A. Madero","Ramp_s_rue":null},"geometry":{"type":"Point","coordinates":[-99.067989459916689,19.489507609024518,0.0]}},
{"type":"Feature","properties":{"circuito":"1 y 2","SISTEMA":"STE Trolebús","NOMBRE":"Peralvillo","TIPO":"Intermedia","LINEA":"05","ALCALDIAS":"Cuauhtémoc","Ramp_s_rue":null},"geometry":{"type":"Point","coordinates":[-99.130913573627808,19.45370511402643,0.0]}},
{"type":"Feature","properties":{"circuito":"1 y 2","SISTEMA":"STE Trolebús","NOMBRE":"Edo. de Tabasco","TIPO":"Intermedia","LINEA":"05","ALCALDIAS":"Gustavo A. Madero","Ramp_s_rue":null},"geometry":{"type":"Point","coordinates":[-99.069768,19.486181,0.0]}},
{"type":"Feature","properties":{"circuito":"1 y 2","SISTEMA":"STE Trolebús","NOMBRE":"Edo. de Oaxaca","TIPO":"Intermedia","LINEA":"05","ALCALDIAS":"Gustavo A. Madero","Ramp_s_rue":null},"geometry":{"type":"Point","coordinates":[-99.070185,19.485097,0.0]}},
{"type":"Feature","properties":{"circuito":"1 y 2","SISTEMA":"STE Trolebús","NOMBRE":"Edo. de Morelos","TIPO":"Intermedia","LINEA":"05","ALCALDIAS":"Gustavo A. Madero","Ramp_s_rue":null},"geometry":{"type":"Point","coordinates":[-99.07068,19.483814,0.0]}},
{"type":"Feature","properties":{"circuito":"1 y 2","SISTEMA":"STE Trolebús","NOMBRE":"Const. de la República","TIPO":"Intermedia","LINEA":"05","ALCALDIAS":"Gustavo A. Madero","Ramp_s_rue":null},"geometry":{"type":"Point","coordinates":[-99.071437,19.481807,0.0]}},
{"type":"Feature","properties":{"circuito":"1 y 2","SISTEMA":"STE Trolebús","NOMBRE":"Edo. de Sinaloa","TIPO":"Intermedia","LINEA":"05","ALCALDIAS":"Gustavo A. Madero","Ramp_s_rue":null},"geometry":{"type":"Point","coordinates":[-99.073704,19.482164,0.0]}},
{"type":"Feature","properties":{"circuito":"1 y 2","SISTEMA":"STE Trolebús","NOMBRE":"Camino Sur","TIPO":"Intermedia","LINEA":"05","ALCALDIAS":"Gustavo A. Madero","Ramp_s_rue":null},"geometry":{"type":"Point","coordinates":[-99.076857,19.481691,0.0]}},
{"type":"Feature","properties":{"circuito":"1 y 2","SISTEMA":"STE Trolebús","NOMBRE":"Camino de La Liga","TIPO":"Intermedia","LINEA":"05","ALCALDIAS":"Gustavo A. Madero","Ramp_s_rue":null},"geometry":{"type":"Point","coordinates":[-99.077835,19.479183,0.0]}},
{"type":"Feature","properties":{"circuito":"1 y 2","SISTEMA":"STE Trolebús","NOMBRE":"Puerto de Mazatlán","TIPO":"Intermedia","LINEA":"05","ALCALDIAS":"Gustavo A. Madero","Ramp_s_rue":null},"geometry":{"type":"Point","coordinates":[-99.078336,19.477859,0.0]}},
{"type":"Feature","properties":{"circuito":"1 y 2","SISTEMA":"STE Trolebús","NOMBRE":"Puerto de Tampico","TIPO":"Intermedia","LINEA":"05","ALCALDIAS":"Gustavo A. Madero","Ramp_s_rue":null},"geometry":{"type":"Point","coordinates":[-99.079072,19.475938,0.0]}},
{"type":"Feature","properties":{"circuito":"1 y 2","SISTEMA":"STE Trolebús","NOMBRE":"Camino San Juan de Aragón","TIPO":"Intermedia","LINEA":"05","ALCALDIAS":"Gustavo A. Madero","Ramp_s_rue":null},"geometry":{"type":"Point","coordinates":[-99.079245,19.473681,0.0]}},
{"type":"Feature","properties":{"circuito":"1 y 2","SISTEMA":"STE Trolebús","NOMBRE":"Puerto de Tlacotalpan","TIPO":"Intermedia","LINEA":"05","ALCALDIAS":"Gustavo A. Madero","Ramp_s_rue":null},"geometry":{"type":"Point","coordinates":[-99.081073,19.473671,0.0]}},
{"type":"Feature","properties":{"circuito":"1 y 2","SISTEMA":"STE Trolebús","NOMBRE":"Puerto Barra de Nautla","TIPO":"Intermedia","LINEA":"05","ALCALDIAS":"Gustavo A. Madero","Ramp_s_rue":null},"geometry":{"type":"Point","coordinates":[-99.082335,19.473914,0.0]}},
{"type":"Feature","properties":{"circuito":"1 y 2","SISTEMA":"STE Trolebús","NOMBRE":"Puerto de Acapulco","TIPO":"Intermedia","LINEA":"05","ALCALDIAS":"Gustavo A. Madero","Ramp_s_rue":null},"geometry":{"type":"Point","coordinates":[-99.084513,19.474323,0.0]}},
{"type":"Feature","properties":{"circuito":"1 y 2","SISTEMA":"STE Trolebús","NOMBRE":"Puerto de San Blas","TIPO":"Intermedia","LINEA":"05","ALCALDIAS":"Gustavo A. Madero","Ramp_s_rue":null},"geometry":{"type":"Point","coordinates":[-99.085938,19.474599,0.0]}},
{"type":"Feature","properties":{"circuito":"1 y 2","SISTEMA":"STE Trolebús","NOMBRE":"Puerto de Coatzacoalcos","TIPO":"Intermedia","LINEA":"05","ALCALDIAS":"Gustavo A. Madero","Ramp_s_rue":null},"geometry":{"type":"Point","coordinates":[-99.088506,19.47509,0.0]}},
{"type":"Feature","properties":{"circuito":"1 y 2","SISTEMA":"STE Trolebús","NOMBRE":"Av. Gran Canal I","TIPO":"Intermedia","LINEA":"05","ALCALDIAS":"Gustavo A. Madero","Ramp_s_rue":null},"geometry":{"type":"Point","coordinates":[-99.090321,19.476129,0.0]}},
{"type":"Feature","properties":{"circuito":"1 y 2","SISTEMA":"STE Trolebús","NOMBRE":"Av. Gran Canal II","TIPO":"Intermedia","LINEA":"05","ALCALDIAS":"Gustavo A. Madero","Ramp_s_rue":null},"geometry":{"type":"Point","coordinates":[-99.09249,19.477025,0.0]}},
{"type":"Feature","properties":{"circuito":"1 y 2","SISTEMA":"STE Trolebús","NOMBRE":"Arcos de Aragón","TIPO":"Intermedia","LINEA":"05","ALCALDIAS":"Gustavo A. Madero","Ramp_s_rue":null},"geometry":{"type":"Point","coordinates":[-99.0944,19.477814,0.0]}},
{"type":"Feature","properties":{"circuito":"1 y 2","SISTEMA":"STE Trolebús","NOMBRE":"Eduardo Molina","TIPO":"Intermedia","LINEA":"05","ALCALDIAS":"Gustavo A. Madero","Ramp_s_rue":null},"geometry":{"type":"Point","coordinates":[-99.097116,19.478933,0.0]}},
{"type":"Feature","properties":{"circuito":"1 y 2","SISTEMA":"STE Trolebús","NOMBRE":"José de la Luz Rosas","TIPO":"Intermedia","LINEA":"05","ALCALDIAS":"Gustavo A. Madero","Ramp_s_rue":null},"geometry":{"type":"Point","coordinates":[-99.101402,19.480676,0.0]}},
{"type":"Feature","properties":{"circuito":"1 y 2","SISTEMA":"STE Trolebús","NOMBRE":"FFCC Hidalgo","TIPO":"Intermedia","LINEA":"05","ALCALDIAS":"Gustavo A. Madero","Ramp_s_rue":null},"geometry":{"type":"Point","coordinates":[-99.105393,19.482255,0.0]}},
{"type":"Feature","properties":{"circuito":"1 y 2","SISTEMA":"STE Trolebús","NOMBRE":"M. Martín Carrera","TIPO":"Intermedia","LINEA":"05","ALCALDIAS":"Gustavo A. Madero","Ramp_s_rue":null},"geometry":{"type":"Point","coordinates":[-99.107257688409092,19.482932780227276,0.0]}},
{"type":"Feature","properties":{"circuito":"1 y 2","SISTEMA":"STE Trolebús","NOMBRE":"Casa del Peregrino Juan Diego","TIPO":"Intermedia","LINEA":"05","ALCALDIAS":"Gustavo A. Madero","Ramp_s_rue":null},"geometry":{"type":"Point","coordinates":[-99.109524,19.483389,0.0]}},
{"type":"Feature","properties":{"circuito":"1 y 2","SISTEMA":"STE Trolebús","NOMBRE":"5 de Febrero","TIPO":"Intermedia","LINEA":"05","ALCALDIAS":"Gustavo A. Madero","Ramp_s_rue":null},"geometry":{"type":"Point","coordinates":[-99.113387,19.484267,0.0]}},
{"type":"Feature","properties":{"circuito":"1 y 2","SISTEMA":"STE Trolebús","NOMBRE":"Gral. Martín Carrera","TIPO":"Intermedia","LINEA":"05","ALCALDIAS":"Gustavo A. Madero","Ramp_s_rue":null},"geometry":{"type":"Point","coordinates":[-99.112884,19.486704,0.0]}},
{"type":"Feature","properties":{"circuito":"1 y 2","SISTEMA":"STE Trolebús","NOMBRE":"Gral. Mariano Salas","TIPO":"Intermedia","LINEA":"05","ALCALDIAS":"Gustavo A. Madero","Ramp_s_rue":null},"geometry":{"type":"Point","coordinates":[-99.113551,19.487795,0.0]}},
{"type":"Feature","properties":{"circuito":"2","SISTEMA":"STE Trolebús","NOMBRE":"Gral. Villada","TIPO":"Intermedia","LINEA":"05","ALCALDIAS":"Gustavo A. Madero","Ramp_s_rue":null},"geometry":{"type":"Point","coordinates":[-99.114436191349583,19.48223771060205,0.0]}},
{"type":"Feature","properties":{"circuito":"1 y 2","SISTEMA":"STE Trolebús","NOMBRE":"Calz. San Juan Aragón","TIPO":"Intermedia","LINEA":"05","ALCALDIAS":"Gustavo A. Madero","Ramp_s_rue":null},"geometry":{"type":"Point","coordinates":[-99.113404,19.484013,0.0]}},
{"type":"Feature","properties":{"circuito":"1 y 2","SISTEMA":"STE Trolebús","NOMBRE":"M. Martín Carrera","TIPO":"Intermedia","LINEA":"05","ALCALDIAS":"Gustavo A. Madero","Ramp_s_rue":null},"geometry":{"type":"Point","coordinates":[-99.106913,19.482655,0.0]}},
{"type":"Feature","properties":{"circuito":"1 y 2","SISTEMA":"STE Trolebús","NOMBRE":"Hospital de la Villa","TIPO":"Intermedia","LINEA":"05","ALCALDIAS":"Gustavo A. Madero","Ramp_s_rue":null},"geometry":{"type":"Point","coordinates":[-99.103075,19.480858,0.0]}},
{"type":"Feature","properties":{"circuito":"1 y 2","SISTEMA":"STE Trolebús","NOMBRE":"San Juan","TIPO":"Intermedia","LINEA":"05","ALCALDIAS":"Gustavo A. Madero","Ramp_s_rue":null},"geometry":{"type":"Point","coordinates":[-99.101953,19.480395,0.0]}},
{"type":"Feature","properties":{"circuito":"1 y 2","SISTEMA":"STE Trolebús","NOMBRE":"Eduardo Molina","TIPO":"Intermedia","LINEA":"05","ALCALDIAS":"Gustavo A. Madero","Ramp_s_rue":null},"geometry":{"type":"Point","coordinates":[-99.098516,19.479013,0.0]}},
{"type":"Feature","properties":{"circuito":"1 y 2","SISTEMA":"STE Trolebús","NOMBRE":"Clínica 23 IMSS","TIPO":"Intermedia","LINEA":"05","ALCALDIAS":"Gustavo A. Madero","Ramp_s_rue":null},"geometry":{"type":"Point","coordinates":[-99.096368,19.478131,0.0]}},
{"type":"Feature","properties":{"circuito":"1 y 2","SISTEMA":"STE Trolebús","NOMBRE":"Arcos de Aragón","TIPO":"Intermedia","LINEA":"05","ALCALDIAS":"Gustavo A. Madero","Ramp_s_rue":null},"geometry":{"type":"Point","coordinates":[-99.094822,19.477498,0.0]}},
{"type":"Feature","properties":{"circuito":"1 y 2","SISTEMA":"STE Trolebús","NOMBRE":"Norte 94","TIPO":"Intermedia","LINEA":"05","ALCALDIAS":"Gustavo A. Madero","Ramp_s_rue":null},"geometry":{"type":"Point","coordinates":[-99.0929,19.476886,0.0]}},
{"type":"Feature","properties":{"circuito":"1 y 2","SISTEMA":"STE Trolebús","NOMBRE":"Puerto de Cádiz","TIPO":"Intermedia","LINEA":"05","ALCALDIAS":"Gustavo A. Madero","Ramp_s_rue":null},"geometry":{"type":"Point","coordinates":[-99.090852,19.476105,0.0]}},
{"type":"Feature","properties":{"circuito":"1 y 2","SISTEMA":"STE Trolebús","NOMBRE":"Puerto de Cozumel","TIPO":"Intermedia","LINEA":"05","ALCALDIAS":"Gustavo A. Madero","Ramp_s_rue":null},"geometry":{"type":"Point","coordinates":[-99.087820336072426,19.474795282749771,0.0]}},
{"type":"Feature","properties":{"circuito":"1 y 2","SISTEMA":"STE Trolebús","NOMBRE":"Puerto de Guaymas","TIPO":"Intermedia","LINEA":"05","ALCALDIAS":"Gustavo A. Madero","Ramp_s_rue":null},"geometry":{"type":"Point","coordinates":[-99.087066,19.474636,0.0]}},
{"type":"Feature","properties":{"circuito":"1 y 2","SISTEMA":"STE Trolebús","NOMBRE":"Puerto de Acapulco","TIPO":"Intermedia","LINEA":"05","ALCALDIAS":"Gustavo A. Madero","Ramp_s_rue":null},"geometry":{"type":"Point","coordinates":[-99.084964,19.474243,0.0]}},
{"type":"Feature","properties":{"circuito":"1 y 2","SISTEMA":"STE Trolebús","NOMBRE":"Puerto Progreso","TIPO":"Intermedia","LINEA":"05","ALCALDIAS":"Gustavo A. Madero","Ramp_s_rue":null},"geometry":{"type":"Point","coordinates":[-99.082925,19.473856,0.0]}},
{"type":"Feature","properties":{"circuito":"1 y 2","SISTEMA":"STE Trolebús","NOMBRE":"Loreto Fabela","TIPO":"Intermedia","LINEA":"05","ALCALDIAS":"Gustavo A. Madero","Ramp_s_rue":null},"geometry":{"type":"Point","coordinates":[-99.079533,19.473207,0.0]}},
{"type":"Feature","properties":{"circuito":"1 y 2","SISTEMA":"STE Trolebús","NOMBRE":"Puerto de Tampico","TIPO":"Intermedia","LINEA":"05","ALCALDIAS":"Gustavo A. Madero","Ramp_s_rue":null},"geometry":{"type":"Point","coordinates":[-99.078807,19.475546,0.0]}},
{"type":"Feature","properties":{"circuito":"1 y 2","SISTEMA":"STE Trolebús","NOMBRE":"Puerto de Mazatlán","TIPO":"Intermedia","LINEA":"05","ALCALDIAS":"Gustavo A. Madero","Ramp_s_rue":null},"geometry":{"type":"Point","coordinates":[-99.07807,19.477642,0.0]}},
{"type":"Feature","properties":{"circuito":"1 y 2","SISTEMA":"STE Trolebús","NOMBRE":"Deportivo los Galeana","TIPO":"Intermedia","LINEA":"05","ALCALDIAS":"Gustavo A. Madero","Ramp_s_rue":null},"geometry":{"type":"Point","coordinates":[-99.077589,19.478919,0.0]}},
{"type":"Feature","properties":{"circuito":"1 y 2","SISTEMA":"STE Trolebús","NOMBRE":"Francisco Morazán","TIPO":"Intermedia","LINEA":"05","ALCALDIAS":"Gustavo A. Madero","Ramp_s_rue":null},"geometry":{"type":"Point","coordinates":[-99.076929,19.480549,0.0]}},
{"type":"Feature","properties":{"circuito":"1 y 2","SISTEMA":"STE Trolebús","NOMBRE":"Const. de la República","TIPO":"Intermedia","LINEA":"05","ALCALDIAS":"Gustavo A. Madero","Ramp_s_rue":null},"geometry":{"type":"Point","coordinates":[-99.075912,19.48234,0.0]}},
{"type":"Feature","properties":{"circuito":"1 y 2","SISTEMA":"STE Trolebús","NOMBRE":"Edo. de Sinaloa","TIPO":"Intermedia","LINEA":"05","ALCALDIAS":"Gustavo A. Madero","Ramp_s_rue":null},"geometry":{"type":"Point","coordinates":[-99.074032,19.482059,0.0]}},
{"type":"Feature","properties":{"circuito":"1 y 2","SISTEMA":"STE Trolebús","NOMBRE":"Edo. de Tamaulipas","TIPO":"Intermedia","LINEA":"05","ALCALDIAS":"Gustavo A. Madero","Ramp_s_rue":null},"geometry":{"type":"Point","coordinates":[-99.072096,19.481662,0.0]}},
{"type":"Feature","properties":{"circuito":"1 y 2","SISTEMA":"STE Trolebús","NOMBRE":"Edo. de Morelos","TIPO":"Intermedia","LINEA":"05","ALCALDIAS":"Gustavo A. Madero","Ramp_s_rue":null},"geometry":{"type":"Point","coordinates":[-99.070678,19.483464,0.0]}},
{"type":"Feature","properties":{"circuito":"1 y 2","SISTEMA":"STE Trolebús","NOMBRE":"Edo. de Oaxaca","TIPO":"Intermedia","LINEA":"05","ALCALDIAS":"Gustavo A. Madero","Ramp_s_rue":null},"geometry":{"type":"Point","coordinates":[-99.070169,19.48479,0.0]}},
{"type":"Feature","properties":{"circuito":"1 y 2","SISTEMA":"STE Trolebús","NOMBRE":"Villa de Ayala","TIPO":"Intermedia","LINEA":"05","ALCALDIAS":"Gustavo A. Madero","Ramp_s_rue":null},"geometry":{"type":"Point","coordinates":[-99.068753,19.488432,0.0]}},
{"type":"Feature","properties":{"circuito":"1 y 2","SISTEMA":"STE Trolebús","NOMBRE":"Calpulalpan","TIPO":"Intermedia","LINEA":"05","ALCALDIAS":"Gustavo A. Madero/Nezahualcóyotl","Ramp_s_rue":null},"geometry":{"type":"Point","coordinates":[-99.067408,19.49034,0.0]}},
{"type":"Feature","properties":{"circuito":"1 y 2","SISTEMA":"STE Trolebús","NOMBRE":"Valle de Sambesi","TIPO":"Intermedia","LINEA":"05","ALCALDIAS":"Gustavo A. Madero/Nezahualcóyotl","Ramp_s_rue":null},"geometry":{"type":"Point","coordinates":[-99.066808,19.491743,0.0]}},
{"type":"Feature","properties":{"circuito":"1 y 2","SISTEMA":"STE Trolebús","NOMBRE":"Valle de Yukón","TIPO":"Intermedia","LINEA":"05","ALCALDIAS":"Gustavo A. Madero/Nezahualcóyotl","Ramp_s_rue":null},"geometry":{"type":"Point","coordinates":[-99.066267,19.492983,0.0]}},
{"type":"Feature","properties":{"circuito":"1 y 2","SISTEMA":"STE Trolebús","NOMBRE":"Valle Yang Tse","TIPO":"Intermedia","LINEA":"05","ALCALDIAS":"Gustavo A. Madero/Nezahualcóyotl","Ramp_s_rue":null},"geometry":{"type":"Point","coordinates":[-99.065414,19.494975,0.0]}},
{"type":"Feature","properties":{"circuito":"1","SISTEMA":"STE Trolebús","NOMBRE":"Garrido","TIPO":"Intermedia","LINEA":"05","ALCALDIAS":"Gustavo A. Madero","Ramp_s_rue":null},"geometry":{"type":"Point","coordinates":[-99.119389847373583,19.483012844665701,0.0]}},
{"type":"Feature","properties":{"circuito":"2","SISTEMA":"STE Trolebús","NOMBRE":"Garrido","TIPO":"Intermedia","LINEA":"05","ALCALDIAS":"Gustavo A. Madero","Ramp_s_rue":null},"geometry":{"type":"Point","coordinates":[-99.119356312774144,19.483529692448236,0.0]}},
{"type":"Feature","properties":{"circuito":"2","SISTEMA":"STE Trolebús","NOMBRE":"De los Misterios","TIPO":"Intermedia","LINEA":"05","ALCALDIAS":"Gustavo A. Madero","Ramp_s_rue":null},"geometry":{"type":"Point","coordinates":[-99.117885086691317,19.487549395343493,0.0]}},
{"type":"Feature","properties":{"circuito":"1 y 2","SISTEMA":"STE Trolebús","NOMBRE":"Av. Talismán","TIPO":"Intermedia","LINEA":"05","ALCALDIAS":"Gustavo A. Madero","Ramp_s_rue":null},"geometry":{"type":"Point","coordinates":[-99.121092713800209,19.47893625419184,0.0]}},
{"type":"Feature","properties":{"circuito":"1","SISTEMA":"STE Trolebús","NOMBRE":"Av. Talismán","TIPO":"Intermedia","LINEA":"05","ALCALDIAS":"Gustavo A. Madero","Ramp_s_rue":null},"geometry":{"type":"Point","coordinates":[-99.121090307586087,19.478457361761539,0.0]}},
{"type":"Feature","properties":{"circuito":"1","SISTEMA":"STE Trolebús","NOMBRE":"Necaxa","TIPO":"Intermedia","LINEA":"05","ALCALDIAS":"Gustavo A. Madero","Ramp_s_rue":null},"geometry":{"type":"Point","coordinates":[-99.122011115729819,19.476502493325359,0.0]}},
{"type":"Feature","properties":{"circuito":"1","SISTEMA":"STE Trolebús","NOMBRE":"Necaxa","TIPO":"Intermedia","LINEA":"05","ALCALDIAS":"Gustavo A. Madero","Ramp_s_rue":null},"geometry":{"type":"Point","coordinates":[-99.122332242403346,19.475180454344244,0.0]}},
{"type":"Feature","properties":{"circuito":"1 y 2","SISTEMA":"STE Trolebús","NOMBRE":"Excelsior","TIPO":"Intermedia","LINEA":"05","ALCALDIAS":"Gustavo A. Madero","Ramp_s_rue":null},"geometry":{"type":"Point","coordinates":[-99.123621746935612,19.472304947192043,0.0]}},
{"type":"Feature","properties":{"circuito":"1","SISTEMA":"STE Trolebús","NOMBRE":"Excelsior","TIPO":"Intermedia","LINEA":"05","ALCALDIAS":"Gustavo A. Madero","Ramp_s_rue":null},"geometry":{"type":"Point","coordinates":[-99.12405285336574,19.4705999330601,0.0]}},
{"type":"Feature","properties":{"circuito":"1","SISTEMA":"STE Trolebús","NOMBRE":"El Ángel","TIPO":"Intermedia","LINEA":"05","ALCALDIAS":"Cuauhtémoc","Ramp_s_rue":null},"geometry":{"type":"Point","coordinates":[-99.168715743044331,19.426663551279344,0.0]}},
{"type":"Feature","properties":{"circuito":"1 y 2","SISTEMA":"STE Trolebús","NOMBRE":"Robles Domínguez","TIPO":"Intermedia","LINEA":"05","ALCALDIAS":"Gustavo A. Madero","Ramp_s_rue":null},"geometry":{"type":"Point","coordinates":[-99.124963979359094,19.468615377084177,0.0]}},
{"type":"Feature","properties":{"circuito":"1","SISTEMA":"STE Trolebús","NOMBRE":"Robles Domínguez","TIPO":"Intermedia","LINEA":"05","ALCALDIAS":"Gustavo A. Madero","Ramp_s_rue":null},"geometry":{"type":"Point","coordinates":[-99.125495335749008,19.46684708258714,0.0]}},
{"type":"Feature","properties":{"circuito":"1","SISTEMA":"STE Trolebús","NOMBRE":"Clave","TIPO":"Intermedia","LINEA":"05","ALCALDIAS":"Cuauhtémoc","Ramp_s_rue":null},"geometry":{"type":"Point","coordinates":[-99.127645231219049,19.461089088241557,0.0]}},
{"type":"Feature","properties":{"circuito":"1","SISTEMA":"STE Trolebús","NOMBRE":"Clave","TIPO":"Intermedia","LINEA":"05","ALCALDIAS":"Gustavo A. Madero","Ramp_s_rue":null},"geometry":{"type":"Point","coordinates":[-99.127404855834584,19.46241516196929,0.0]}},
{"type":"Feature","properties":{"circuito":"1 y 2","SISTEMA":"STE Trolebús","NOMBRE":"Mercado Beetovhen","TIPO":"Intermedia","LINEA":"05","ALCALDIAS":"Cuauhtémoc","Ramp_s_rue":null},"geometry":{"type":"Point","coordinates":[-99.129199251898868,19.457529301225822,0.0]}},
{"type":"Feature","properties":{"circuito":"1","SISTEMA":"STE Trolebús","NOMBRE":"Mercado Beetovhen","TIPO":"Intermedia","LINEA":"05","ALCALDIAS":"Cuauhtémoc","Ramp_s_rue":null},"geometry":{"type":"Point","coordinates":[-99.12916604963462,19.457131950003596,0.0]}},
{"type":"Feature","properties":{"circuito":"1 y 2","SISTEMA":"STE Trolebús","NOMBRE":"Tres Culturas","TIPO":"Intermedia","LINEA":"05","ALCALDIAS":"Cuauhtémoc","Ramp_s_rue":null},"geometry":{"type":"Point","coordinates":[-99.132578090807996,19.450750423143269,0.0]}},
{"type":"Feature","properties":{"circuito":"1 y 2","SISTEMA":"STE Trolebús","NOMBRE":"Garibaldi","TIPO":"Intermedia","LINEA":"05","ALCALDIAS":"Cuauhtémoc","Ramp_s_rue":null},"geometry":{"type":"Point","coordinates":[-99.13954492954818,19.444372975745555,0.0]}},
{"type":"Feature","properties":{"circuito":"1","SISTEMA":"STE Trolebús","NOMBRE":"Metro Hidalgo","TIPO":"Intermedia","LINEA":"05","ALCALDIAS":"Cuauhtémoc","Ramp_s_rue":null},"geometry":{"type":"Point","coordinates":[-99.147641876039316,19.436897304940519,0.0]}},
{"type":"Feature","properties":{"circuito":"1","SISTEMA":"STE Trolebús","NOMBRE":"Hidalgo","TIPO":"Intermedia","LINEA":"05","ALCALDIAS":"Cuauhtémoc","Ramp_s_rue":null},"geometry":{"type":"Point","coordinates":[-99.147514529584996,19.436566013488619,0.0]}},
{"type":"Feature","properties":{"circuito":"1","SISTEMA":"STE Trolebús","NOMBRE":"El Caballito","TIPO":"Intermedia","LINEA":"05","ALCALDIAS":"Cuauhtémoc","Ramp_s_rue":null},"geometry":{"type":"Point","coordinates":[-99.149011933753229,19.436073191558041,0.0]}},
{"type":"Feature","properties":{"circuito":"1","SISTEMA":"STE Trolebús","NOMBRE":"El Caballito","TIPO":"Intermedia","LINEA":"05","ALCALDIAS":"Cuauhtémoc","Ramp_s_rue":null},"geometry":{"type":"Point","coordinates":[-99.150333911202722,19.435005943343238,0.0]}},
{"type":"Feature","properties":{"circuito":"1","SISTEMA":"STE Trolebús","NOMBRE":"Glorieta Colón","TIPO":"Intermedia","LINEA":"05","ALCALDIAS":"Cuauhtémoc","Ramp_s_rue":null},"geometry":{"type":"Point","coordinates":[-99.153565433698091,19.43350860771444,0.0]}},
{"type":"Feature","properties":{"circuito":"1","SISTEMA":"STE Trolebús","NOMBRE":"Glorieta Colón","TIPO":"Intermedia","LINEA":"05","ALCALDIAS":"Cuauhtémoc","Ramp_s_rue":null},"geometry":{"type":"Point","coordinates":[-99.153181363663492,19.434031174695601,0.0]}},
{"type":"Feature","properties":{"circuito":"1","SISTEMA":"STE Trolebús","NOMBRE":"París","TIPO":"Intermedia","LINEA":"05","ALCALDIAS":"Cuauhtémoc","Ramp_s_rue":null},"geometry":{"type":"Point","coordinates":[-99.155914639875661,19.432353770728621,0.0]}},
{"type":"Feature","properties":{"circuito":"1","SISTEMA":"STE Trolebús","NOMBRE":"París","TIPO":"Intermedia","LINEA":"05","ALCALDIAS":"Cuauhtémoc","Ramp_s_rue":null},"geometry":{"type":"Point","coordinates":[-99.155957700231355,19.432667089248167,0.0]}},
{"type":"Feature","properties":{"circuito":"1","SISTEMA":"STE Trolebús","NOMBRE":"Hamburgo","TIPO":"Intermedia","LINEA":"05","ALCALDIAS":"Cuauhtémoc","Ramp_s_rue":null},"geometry":{"type":"Point","coordinates":[-99.161529268101091,19.430095281940918,0.0]}},
{"type":"Feature","properties":{"circuito":"1","SISTEMA":"STE Trolebús","NOMBRE":"Reforma","TIPO":"Intermedia","LINEA":"05","ALCALDIAS":"Cuauhtémoc","Ramp_s_rue":null},"geometry":{"type":"Point","coordinates":[-99.158712314103525,19.431440658969926,0.0]}},
{"type":"Feature","properties":{"circuito":"1","SISTEMA":"STE Trolebús","NOMBRE":"Reforma","TIPO":"Intermedia","LINEA":"05","ALCALDIAS":"Cuauhtémoc","Ramp_s_rue":null},"geometry":{"type":"Point","coordinates":[-99.158530132044461,19.431099542670712,0.0]}},
{"type":"Feature","properties":{"circuito":"1","SISTEMA":"STE Trolebús","NOMBRE":"Hamburgo","TIPO":"Intermedia","LINEA":"05","ALCALDIAS":"Cuauhtémoc","Ramp_s_rue":null},"geometry":{"type":"Point","coordinates":[-99.162672820897029,19.429182379637449,0.0]}},
{"type":"Feature","properties":{"circuito":"1","SISTEMA":"STE Trolebús","NOMBRE":"La Palma","TIPO":"Intermedia","LINEA":"05","ALCALDIAS":"Cuauhtémoc","Ramp_s_rue":null},"geometry":{"type":"Point","coordinates":[-99.164768361984741,19.428533537315545,0.0]}},
{"type":"Feature","properties":{"circuito":"1","SISTEMA":"STE Trolebús","NOMBRE":"La Palma","TIPO":"Intermedia","LINEA":"05","ALCALDIAS":"Cuauhtémoc","Ramp_s_rue":null},"geometry":{"type":"Point","coordinates":[-99.165120612135496,19.428039868933929,0.0]}},
{"type":"Feature","properties":{"circuito":"1","SISTEMA":"STE Trolebús","NOMBRE":"La Diana","TIPO":"Terminal","LINEA":"05","ALCALDIAS":"Cuauhtémoc","Ramp_s_rue":null},"geometry":{"type":"Point","coordinates":[-99.170872851415766,19.425659355586763,0.0]}},
{"type":"Feature","properties":{"circuito":"1","SISTEMA":"STE Trolebús","NOMBRE":"El Ángel","TIPO":"Intermedia","LINEA":"05","ALCALDIAS":"Cuauhtémoc","Ramp_s_rue":null},"geometry":{"type":"Point","coordinates":[-99.168529924449714,19.426400370205581,0.0]}},
{"type":"Feature","properties":{"circuito":"1","SISTEMA":"STE Trolebús","NOMBRE":"La Diana","TIPO":"Terminal","LINEA":"05","ALCALDIAS":"Cuauhtémoc","Ramp_s_rue":null},"geometry":{"type":"Point","coordinates":[-99.17126467432999,19.425147060021892,0.0]}},
{"type":"Feature","properties":{"circuito":"1 y 2","SISTEMA":"STE Trolebús","NOMBRE":"Glorieta Cuitláhuac","TIPO":"Intermedia","LINEA":"05","ALCALDIAS":"Cuauhtémoc","Ramp_s_rue":null},"geometry":{"type":"Point","coordinates":[-99.135532879323094,19.447271801551324,0.0]}},
{"type":"Feature","properties":{"circuito":null,"SISTEMA":"STE Trolebús Elevado","NOMBRE":"Constitución de 1917","TIPO":"Terminal","LINEA":"10","ALCALDIAS":"Iztapalapa","Ramp_s_rue":null},"geometry":{"type":"Point","coordinates":[-99.064171720827332,19.3456425043845,0.0]}},
{"type":"Feature","properties":{"circuito":null,"SISTEMA":"STE Trolebús Elevado","NOMBRE":"Tulipán","TIPO":"Intermedia","LINEA":"10","ALCALDIAS":"Iztapalapa","Ramp_s_rue":null},"geometry":{"type":"Point","coordinates":[-99.05719895936214,19.342955754553039,0.0]}},
{"type":"Feature","properties":{"circuito":null,"SISTEMA":"STE Trolebús Elevado","NOMBRE":"Deportivo Santa Cruz","TIPO":"Intermedia","LINEA":"10","ALCALDIAS":"Iztapalapa","Ramp_s_rue":null},"geometry":{"type":"Point","coordinates":[-99.048683851945256,19.342486399498267,0.0]}},
{"type":"Feature","properties":{"circuito":null,"SISTEMA":"STE Trolebús Elevado","NOMBRE":"Meyehualco","TIPO":"Intermedia","LINEA":"10","ALCALDIAS":"Iztapalapa","Ramp_s_rue":null},"geometry":{"type":"Point","coordinates":[-99.041360439250127,19.343179883005419,0.0]}},
{"type":"Feature","properties":{"circuito":null,"SISTEMA":"STE Trolebús Elevado","NOMBRE":"Papalotl","TIPO":"Intermedia","LINEA":"10","ALCALDIAS":"Iztapalapa","Ramp_s_rue":null},"geometry":{"type":"Point","coordinates":[-99.033525460666311,19.343917264762794,0.0]}},
{"type":"Feature","properties":{"circuito":null,"SISTEMA":"STE Trolebús Elevado","NOMBRE":"Aztahuacán","TIPO":"Intermedia","LINEA":"10","ALCALDIAS":"Iztapalapa","Ramp_s_rue":null},"geometry":{"type":"Point","coordinates":[-99.026067640722005,19.344672224280192,0.0]}},
{"type":"Feature","properties":{"circuito":null,"SISTEMA":"STE Trolebús Elevado","NOMBRE":"Atzintlí","TIPO":"Intermedia","LINEA":"10","ALCALDIAS":"Iztapalapa","Ramp_s_rue":null},"geometry":{"type":"Point","coordinates":[-99.021614538698302,19.345141492319652,0.0]}},
{"type":"Feature","properties":{"circuito":null,"SISTEMA":"STE Trolebús Elevado","NOMBRE":"Iztahuatzin","TIPO":"Intermedia","LINEA":"10","ALCALDIAS":"Iztapalapa","Ramp_s_rue":null},"geometry":{"type":"Point","coordinates":[-99.018461508953735,19.348679840975834,0.0]}},
{"type":"Feature","properties":{"circuito":null,"SISTEMA":"STE Trolebús Elevado","NOMBRE":"Tecoloxtitlán","TIPO":"Intermedia","LINEA":"10","ALCALDIAS":"Iztapalapa","Ramp_s_rue":null},"geometry":{"type":"Point","coordinates":[-99.015843545342889,19.352009624920171,0.0]}},
{"type":"Feature","properties":{"circuito":null,"SISTEMA":"STE Trolebús Elevado","NOMBRE":"Acatitlán","TIPO":"Intermedia","LINEA":"10","ALCALDIAS":"Iztapalapa","Ramp_s_rue":null},"geometry":{"type":"Point","coordinates":[-99.008150630388599,19.355248764754499,0.0]}},
{"type":"Feature","properties":{"circuito":null,"SISTEMA":"STE Trolebús Elevado","NOMBRE":"Acahualtepec","TIPO":"Intermedia","LINEA":"10","ALCALDIAS":"Iztapalapa","Ramp_s_rue":null},"geometry":{"type":"Point","coordinates":[-99.001655734024979,19.357584850305319,0.0]}},
{"type":"Feature","properties":{"circuito":null,"SISTEMA":"STE Trolebús Elevado","NOMBRE":"Santa Marta","TIPO":"Terminal","LINEA":"10","ALCALDIAS":"Iztapalapa","Ramp_s_rue":null},"geometry":{"type":"Point","coordinates":[-98.995231391808289,19.360315347801709,0.0]}},
{"type":"Feature","properties":{"circuito":null,"SISTEMA":"STE Trolebús","NOMBRE":"Central del Norte","TIPO":"Terminal","LINEA":"01","ALCALDIAS":"Gustavo A. Madero","Ramp_s_rue":"Sí"},"geometry":{"type":"Point","coordinates":[-99.140384684940329,19.479423418112308,0.0]}},
{"type":"Feature","properties":{"circuito":null,"SISTEMA":"STE Trolebús","NOMBRE":"CCH Vallejo","TIPO":"Intermedia","LINEA":"01","ALCALDIAS":"Gustavo A. Madero","Ramp_s_rue":"Sí"},"geometry":{"type":"Point","coordinates":[-99.142166082956706,19.483922806472723,0.0]}},
{"type":"Feature","properties":{"circuito":null,"SISTEMA":"STE Trolebús","NOMBRE":"Instituto del Petróleo N","TIPO":"Intermedia","LINEA":"01","ALCALDIAS":"Gustavo A. Madero","Ramp_s_rue":"Sí"},"geometry":{"type":"Point","coordinates":[-99.143982137265738,19.488620774999337,0.0]}},
{"type":"Feature","properties":{"circuito":null,"SISTEMA":"STE Trolebús","NOMBRE":"Montevideo","TIPO":"Transbordo","LINEA":"01","ALCALDIAS":"Gustavo A. Madero","Ramp_s_rue":"Sí"},"geometry":{"type":"Point","coordinates":[-99.145698705650091,19.492955647280741,0.0]}},
{"type":"Feature","properties":{"circuito":null,"SISTEMA":"STE Trolebús","NOMBRE":"U.H. Lindavista-Vallejo","TIPO":"Transbordo","LINEA":"01","ALCALDIAS":"Gustavo A. Madero","Ramp_s_rue":"Sí"},"geometry":{"type":"Point","coordinates":[-99.146269994720569,19.492168289757629,0.0]}},
{"type":"Feature","properties":{"circuito":null,"SISTEMA":"STE Trolebús","NOMBRE":"Instituto del Petróleo S","TIPO":"Intermedia","LINEA":"01","ALCALDIAS":"Gustavo A. Madero","Ramp_s_rue":"Sí"},"geometry":{"type":"Point","coordinates":[-99.144849401487605,19.48860728264896,0.0]}},
{"type":"Feature","properties":{"circuito":null,"SISTEMA":"STE Trolebús","NOMBRE":"Poniente 128","TIPO":"Intermedia","LINEA":"01","ALCALDIAS":"Gustavo A. Madero","Ramp_s_rue":"Sí"},"geometry":{"type":"Point","coordinates":[-99.144242936461836,19.487042588475383,0.0]}},
{"type":"Feature","properties":{"circuito":null,"SISTEMA":"STE Trolebús","NOMBRE":"Tesoreria","TIPO":"Intermedia","LINEA":"01","ALCALDIAS":"Gustavo A. Madero","Ramp_s_rue":"Sí"},"geometry":{"type":"Point","coordinates":[-99.143612013758016,19.485424638892543,0.0]}},
{"type":"Feature","properties":{"circuito":null,"SISTEMA":"STE Trolebús","NOMBRE":"Poniente 118","TIPO":"Intermedia","LINEA":"01","ALCALDIAS":"Gustavo A. Madero","Ramp_s_rue":"Sí"},"geometry":{"type":"Point","coordinates":[-99.141664994905767,19.480520149326075,0.0]}},
{"type":"Feature","properties":{"circuito":null,"SISTEMA":"STE Trolebús","NOMBRE":"Poniente 112","TIPO":"Intermedia","LINEA":"01","ALCALDIAS":"Gustavo A. Madero","Ramp_s_rue":"Sí"},"geometry":{"type":"Point","coordinates":[-99.140392939586491,19.477306977653946,0.0]}},
{"type":"Feature","properties":{"circuito":null,"SISTEMA":"STE Trolebús","NOMBRE":"Poniente 106","TIPO":"Intermedia","LINEA":"01","ALCALDIAS":"Gustavo A. Madero","Ramp_s_rue":"Sí"},"geometry":{"type":"Point","coordinates":[-99.138723619782326,19.473117713709456,0.0]}},
{"type":"Feature","properties":{"circuito":null,"SISTEMA":"STE Trolebús","NOMBRE":"La Raza","TIPO":"Intermedia","LINEA":"01","ALCALDIAS":"Gustavo A. Madero","Ramp_s_rue":"Sí"},"geometry":{"type":"Point","coordinates":[-99.136731143763441,19.4696332746949,0.0]}},
{"type":"Feature","properties":{"circuito":null,"SISTEMA":"STE Trolebús","NOMBRE":"Río Consulado","TIPO":"Intermedia","LINEA":"01","ALCALDIAS":"Gustavo A. Madero","Ramp_s_rue":"Sí"},"geometry":{"type":"Point","coordinates":[-99.137579918008171,19.465594176871321,0.0]}},
{"type":"Feature","properties":{"circuito":null,"SISTEMA":"STE Trolebús","NOMBRE":"Felipe Villanueva","TIPO":"Intermedia","LINEA":"01","ALCALDIAS":"Cuauhtémoc","Ramp_s_rue":"Sí"},"geometry":{"type":"Point","coordinates":[-99.137612916407932,19.463813786582708,0.0]}},
{"type":"Feature","properties":{"circuito":null,"SISTEMA":"STE Trolebús","NOMBRE":"Chopin","TIPO":"Intermedia","LINEA":"01","ALCALDIAS":"Cuauhtémoc","Ramp_s_rue":"Sí"},"geometry":{"type":"Point","coordinates":[-99.137729757876741,19.461165609590541,0.0]}},
{"type":"Feature","properties":{"circuito":null,"SISTEMA":"STE Trolebús","NOMBRE":"Granados","TIPO":"Intermedia","LINEA":"01","ALCALDIAS":"Cuauhtémoc","Ramp_s_rue":"Sí"},"geometry":{"type":"Point","coordinates":[-99.137905418943816,19.45756100435235,0.0]}},
{"type":"Feature","properties":{"circuito":null,"SISTEMA":"STE Trolebús","NOMBRE":"Manuel González","TIPO":"Intermedia","LINEA":"01","ALCALDIAS":"Cuauhtémoc","Ramp_s_rue":"Sí"},"geometry":{"type":"Point","coordinates":[-99.138341854083791,19.455194892634204,0.0]}},
{"type":"Feature","properties":{"circuito":null,"SISTEMA":"STE Trolebús","NOMBRE":"Flores Magón","TIPO":"Intermedia","LINEA":"01","ALCALDIAS":"Cuauhtémoc","Ramp_s_rue":"Sí"},"geometry":{"type":"Point","coordinates":[-99.138464687999942,19.450191786000062,0.0]}},
{"type":"Feature","properties":{"circuito":null,"SISTEMA":"STE Trolebús","NOMBRE":"Luna","TIPO":"Intermedia","LINEA":"01","ALCALDIAS":"Cuauhtémoc","Ramp_s_rue":"Sí"},"geometry":{"type":"Point","coordinates":[-99.138790890685698,19.447990668523033,0.0]}},
{"type":"Feature","properties":{"circuito":null,"SISTEMA":"STE Trolebús","NOMBRE":"República de Perú","TIPO":"Intermedia","LINEA":"01","ALCALDIAS":"Cuauhtémoc","Ramp_s_rue":"Sí"},"geometry":{"type":"Point","coordinates":[-99.140066202665608,19.439935685362901,0.0]}},
{"type":"Feature","properties":{"circuito":null,"SISTEMA":"STE Trolebús","NOMBRE":"Bellas Artes","TIPO":"Intermedia","LINEA":"01","ALCALDIAS":"Cuauhtémoc","Ramp_s_rue":"Sí"},"geometry":{"type":"Point","coordinates":[-99.140499784162699,19.437126226114088,0.0]}},
{"type":"Feature","properties":{"circuito":null,"SISTEMA":"STE Trolebús","NOMBRE":"Independencia","TIPO":"Intermedia","LINEA":"01","ALCALDIAS":"Cuauhtémoc","Ramp_s_rue":"Sí"},"geometry":{"type":"Point","coordinates":[-99.141155909430111,19.433027928143161,0.0]}},
{"type":"Feature","properties":{"circuito":null,"SISTEMA":"STE Trolebús","NOMBRE":"República de Uruguay","TIPO":"Intermedia","LINEA":"01","ALCALDIAS":"Cuauhtémoc","Ramp_s_rue":"Sí"},"geometry":{"type":"Point","coordinates":[-99.14140154132879,19.431404632807602,0.0]}},
{"type":"Feature","properties":{"circuito":null,"SISTEMA":"STE Trolebús","NOMBRE":"Vizcaínas","TIPO":"Intermedia","LINEA":"01","ALCALDIAS":"Cuauhtémoc","Ramp_s_rue":"Sí"},"geometry":{"type":"Point","coordinates":[-99.141706812514371,19.42925370894438,0.0]}},
{"type":"Feature","properties":{"circuito":null,"SISTEMA":"STE Trolebús","NOMBRE":"Salto del Agua","TIPO":"Intermedia","LINEA":"01","ALCALDIAS":"Cuauhtémoc","Ramp_s_rue":"Sí"},"geometry":{"type":"Point","coordinates":[-99.141996217314983,19.427387132551619,0.0]}},
{"type":"Feature","properties":{"circuito":null,"SISTEMA":"STE Trolebús","NOMBRE":"Fray Servando Teresa de Mier","TIPO":"Intermedia","LINEA":"01","ALCALDIAS":"Cuauhtémoc","Ramp_s_rue":"Sí"},"geometry":{"type":"Point","coordinates":[-99.142569003957476,19.424955494638802,0.0]}},
{"type":"Feature","properties":{"circuito":null,"SISTEMA":"STE Trolebús","NOMBRE":"Dr. Pascua","TIPO":"Intermedia","LINEA":"01","ALCALDIAS":"Cuauhtémoc","Ramp_s_rue":"Sí"},"geometry":{"type":"Point","coordinates":[-99.143172126777941,19.422462260806309,0.0]}},
{"type":"Feature","properties":{"circuito":null,"SISTEMA":"STE Trolebús","NOMBRE":"Doctores","TIPO":"Intermedia","LINEA":"01","ALCALDIAS":"Cuauhtémoc","Ramp_s_rue":"Sí"},"geometry":{"type":"Point","coordinates":[-99.143313313898432,19.421097831769011,0.0]}},
{"type":"Feature","properties":{"circuito":null,"SISTEMA":"STE Trolebús","NOMBRE":"Monumento a Lázaro Cárdenas","TIPO":"Intermedia","LINEA":"01","ALCALDIAS":"Cuauhtémoc","Ramp_s_rue":"Sí"},"geometry":{"type":"Point","coordinates":[-99.143517301722184,19.419126458813619,0.0]}},
{"type":"Feature","properties":{"circuito":null,"SISTEMA":"STE Trolebús","NOMBRE":"Manuel José Othón","TIPO":"Transbordo","LINEA":"01","ALCALDIAS":"Cuauhtémoc","Ramp_s_rue":"Sí"},"geometry":{"type":"Point","coordinates":[-99.143958466810673,19.414804398290908,0.0]}},
{"type":"Feature","properties":{"circuito":null,"SISTEMA":"STE Trolebús","NOMBRE":"Obrera","TIPO":"Intermedia","LINEA":"01","ALCALDIAS":"Cuauhtémoc","Ramp_s_rue":"Sí"},"geometry":{"type":"Point","coordinates":[-99.144225646950204,19.412184594329986,0.0]}},
{"type":"Feature","properties":{"circuito":null,"SISTEMA":"STE Trolebús","NOMBRE":"Lázaro Cárdenas","TIPO":"Intermedia","LINEA":"01","ALCALDIAS":"Cuauhtémoc","Ramp_s_rue":"Sí"},"geometry":{"type":"Point","coordinates":[-99.144684930098151,19.407619838685601,0.0]}},
{"type":"Feature","properties":{"circuito":null,"SISTEMA":"STE Trolebús","NOMBRE":"Viaducto","TIPO":"Intermedia","LINEA":"01","ALCALDIAS":"Benito Juárez","Ramp_s_rue":"Sí"},"geometry":{"type":"Point","coordinates":[-99.145160984416606,19.403002586088583,0.0]}},
{"type":"Feature","properties":{"circuito":null,"SISTEMA":"STE Trolebús","NOMBRE":"Morena","TIPO":"Intermedia","LINEA":"01","ALCALDIAS":"Benito Juárez","Ramp_s_rue":"Sí"},"geometry":{"type":"Point","coordinates":[-99.14573426992412,19.398347251779008,0.0]}},
{"type":"Feature","properties":{"circuito":null,"SISTEMA":"STE Trolebús","NOMBRE":"Centro SCOP","TIPO":"Intermedia","LINEA":"01","ALCALDIAS":"Benito Juárez","Ramp_s_rue":"Sí"},"geometry":{"type":"Point","coordinates":[-99.146114580947554,19.395424713426657,0.0]}},
{"type":"Feature","properties":{"circuito":null,"SISTEMA":"STE Trolebús","NOMBRE":"Cumbres de Acultzingo","TIPO":"Intermedia","LINEA":"01","ALCALDIAS":"Benito Juárez","Ramp_s_rue":"Sí"},"geometry":{"type":"Point","coordinates":[-99.146461384800844,19.392767558255919,0.0]}},
{"type":"Feature","properties":{"circuito":null,"SISTEMA":"STE Trolebús","NOMBRE":"Luz Saviñón","TIPO":"Intermedia","LINEA":"01","ALCALDIAS":"Benito Juárez","Ramp_s_rue":"Sí"},"geometry":{"type":"Point","coordinates":[-99.146807132812569,19.390089802217148,0.0]}},
{"type":"Feature","properties":{"circuito":null,"SISTEMA":"STE Trolebús","NOMBRE":"Cumbres de Maltrata","TIPO":"Intermedia","LINEA":"01","ALCALDIAS":"Benito Juárez","Ramp_s_rue":"Sí"},"geometry":{"type":"Point","coordinates":[-99.147175935321286,19.387221186647533,0.0]}},
{"type":"Feature","properties":{"circuito":null,"SISTEMA":"STE Trolebús","NOMBRE":"Eugenia","TIPO":"Intermedia","LINEA":"01","ALCALDIAS":"Benito Juárez","Ramp_s_rue":"Sí"},"geometry":{"type":"Point","coordinates":[-99.147515146565183,19.384246285863217,0.0]}},
{"type":"Feature","properties":{"circuito":null,"SISTEMA":"STE Trolebús","NOMBRE":"Ángel Urraza","TIPO":"Intermedia","LINEA":"01","ALCALDIAS":"Benito Juárez","Ramp_s_rue":"Sí"},"geometry":{"type":"Point","coordinates":[-99.148115293998274,19.379979066053235,0.0]}},
{"type":"Feature","properties":{"circuito":null,"SISTEMA":"STE Trolebús","NOMBRE":"Matías Romero","TIPO":"Intermedia","LINEA":"01","ALCALDIAS":"Benito Juárez","Ramp_s_rue":"Sí"},"geometry":{"type":"Point","coordinates":[-99.148539181842878,19.377836013481343,0.0]}},
{"type":"Feature","properties":{"circuito":null,"SISTEMA":"STE Trolebús","NOMBRE":"Miguel Laurent","TIPO":"Intermedia","LINEA":"01","ALCALDIAS":"Benito Juárez","Ramp_s_rue":"Sí"},"geometry":{"type":"Point","coordinates":[-99.149444021120289,19.37315743091267,0.0]}},
{"type":"Feature","properties":{"circuito":null,"SISTEMA":"STE Trolebús","NOMBRE":"Municipio Libre","TIPO":"Transbordo","LINEA":"01","ALCALDIAS":"Benito Juárez","Ramp_s_rue":"Sí"},"geometry":{"type":"Point","coordinates":[-99.150092920838659,19.36956857664147,0.0]}},
{"type":"Feature","properties":{"circuito":null,"SISTEMA":"STE Trolebús","NOMBRE":"Emiliano Zapata","TIPO":"Transbordo","LINEA":"01","ALCALDIAS":"Benito Juárez","Ramp_s_rue":"Sí"},"geometry":{"type":"Point","coordinates":[-99.15069104051625,19.366095633427157,0.0]}},
{"type":"Feature","properties":{"circuito":null,"SISTEMA":"STE Trolebús","NOMBRE":"Popocatépetl","TIPO":"Intermedia","LINEA":"01","ALCALDIAS":"Benito Juárez","Ramp_s_rue":"Sí"},"geometry":{"type":"Point","coordinates":[-99.151371739842105,19.362147599447372,0.0]}},
{"type":"Feature","properties":{"circuito":null,"SISTEMA":"STE Trolebús","NOMBRE":"Ajusco","TIPO":"Intermedia","LINEA":"01","ALCALDIAS":"Benito Juárez","Ramp_s_rue":"Sí"},"geometry":{"type":"Point","coordinates":[-99.152446896586483,19.358650300028014,0.0]}},
{"type":"Feature","properties":{"circuito":null,"SISTEMA":"STE Trolebús","NOMBRE":"Xicoténcatl","TIPO":"Intermedia","LINEA":"01","ALCALDIAS":"Coyoacán","Ramp_s_rue":"Sí"},"geometry":{"type":"Point","coordinates":[-99.15237192997138,19.354692509793502,0.0]}},
{"type":"Feature","properties":{"circuito":null,"SISTEMA":"STE Trolebús","NOMBRE":"Hidalgo","TIPO":"Intermedia","LINEA":"01","ALCALDIAS":"Coyoacán","Ramp_s_rue":"Sí"},"geometry":{"type":"Point","coordinates":[-99.151536461676798,19.351749905558044,0.0]}},
{"type":"Feature","properties":{"circuito":null,"SISTEMA":"STE Trolebús","NOMBRE":"América","TIPO":"Intermedia","LINEA":"01","ALCALDIAS":"Coyoacán","Ramp_s_rue":"Sí"},"geometry":{"type":"Point","coordinates":[-99.149871398965757,19.345887244099639,0.0]}},
{"type":"Feature","properties":{"circuito":null,"SISTEMA":"STE Trolebús","NOMBRE":"Central","TIPO":"Intermedia","LINEA":"01","ALCALDIAS":"Coyoacán","Ramp_s_rue":"Sí"},"geometry":{"type":"Point","coordinates":[-99.147476543453152,19.342343763850312,0.0]}},
{"type":"Feature","properties":{"circuito":null,"SISTEMA":"STE Trolebús","NOMBRE":"Cerro Huitzilac","TIPO":"Intermedia","LINEA":"01","ALCALDIAS":"Coyoacán","Ramp_s_rue":"Sí"},"geometry":{"type":"Point","coordinates":[-99.14144667495826,19.341574703343625,0.0]}},
{"type":"Feature","properties":{"circuito":null,"SISTEMA":"STE Trolebús","NOMBRE":"Central del Sur","TIPO":"Terminal / Transbordo","LINEA":"01","ALCALDIAS":"Coyoacán","Ramp_s_rue":"Sí"},"geometry":{"type":"Point","coordinates":[-99.139088633244342,19.341102089629821,0.0]}},
{"type":"Feature","properties":{"circuito":null,"SISTEMA":"STE Trolebús","NOMBRE":"Tasqueña","TIPO":"Termnal/Transbordo","LINEA":"01","ALCALDIAS":"Coyoacán","Ramp_s_rue":"Sí"},"geometry":{"type":"Point","coordinates":[-99.140811092354198,19.341717270891856,0.0]}},
{"type":"Feature","properties":{"circuito":null,"SISTEMA":"STE Trolebús","NOMBRE":"División del Norte","TIPO":"Transbordo","LINEA":"01","ALCALDIAS":"Coyoacán","Ramp_s_rue":"Sí"},"geometry":{"type":"Point","coordinates":[-99.148586178501901,19.342735023445677,0.0]}},
{"type":"Feature","properties":{"circuito":null,"SISTEMA":"STE Trolebús","NOMBRE":"América","TIPO":"Intermedia","LINEA":"01","ALCALDIAS":"Coyoacán","Ramp_s_rue":"Sí"},"geometry":{"type":"Point","coordinates":[-99.14945924047656,19.345226553860563,0.0]}},
{"type":"Feature","properties":{"circuito":null,"SISTEMA":"STE Trolebús","NOMBRE":"Irlanda","TIPO":"Intermedia","LINEA":"01","ALCALDIAS":"Coyoacán","Ramp_s_rue":"Sí"},"geometry":{"type":"Point","coordinates":[-99.150750943700928,19.349777332012859,0.0]}},
{"type":"Feature","properties":{"circuito":null,"SISTEMA":"STE Trolebús","NOMBRE":"Xicoténcatl","TIPO":"Intermedia","LINEA":"01","ALCALDIAS":"Coyoacán","Ramp_s_rue":"Sí"},"geometry":{"type":"Point","coordinates":[-99.152212586624245,19.354911908025024,0.0]}},
{"type":"Feature","properties":{"circuito":null,"SISTEMA":"STE Trolebús","NOMBRE":"Churubusco","TIPO":"Intermedia","LINEA":"01","ALCALDIAS":"Coyoacán","Ramp_s_rue":"Sí"},"geometry":{"type":"Point","coordinates":[-99.152758610858712,19.356945706000985,0.0]}},
{"type":"Feature","properties":{"circuito":null,"SISTEMA":"STE Trolebús","NOMBRE":"Ajusco","TIPO":"Intermedia","LINEA":"01","ALCALDIAS":"Benito Juárez","Ramp_s_rue":"Sí"},"geometry":{"type":"Point","coordinates":[-99.151786888311563,19.359083750901945,0.0]}},
{"type":"Feature","properties":{"circuito":null,"SISTEMA":"STE Trolebús","NOMBRE":"Popocatépetl","TIPO":"Intermedia","LINEA":"01","ALCALDIAS":"Benito Juárez","Ramp_s_rue":"Sí"},"geometry":{"type":"Point","coordinates":[-99.151248695534434,19.36194942866484,0.0]}},
{"type":"Feature","properties":{"circuito":null,"SISTEMA":"STE Trolebús","NOMBRE":"Emiliano Zapata","TIPO":"Transbordo","LINEA":"01","ALCALDIAS":"Benito Juárez","Ramp_s_rue":"Sí"},"geometry":{"type":"Point","coordinates":[-99.150495448134279,19.366317686880176,0.0]}},
{"type":"Feature","properties":{"circuito":null,"SISTEMA":"STE Trolebús","NOMBRE":"Municipio Libre","TIPO":"Transbordo","LINEA":"01","ALCALDIAS":"Benito Juárez","Ramp_s_rue":"Sí"},"geometry":{"type":"Point","coordinates":[-99.150072747205215,19.368778407143704,0.0]}},
{"type":"Feature","properties":{"circuito":null,"SISTEMA":"STE Trolebús","NOMBRE":"Miguel Laurent","TIPO":"Intermedia","LINEA":"01","ALCALDIAS":"Benito Juárez","Ramp_s_rue":"Sí"},"geometry":{"type":"Point","coordinates":[-99.149378748744354,19.372762684719799,0.0]}},
{"type":"Feature","properties":{"circuito":null,"SISTEMA":"STE Trolebús","NOMBRE":"Ángel Urraza","TIPO":"Intermedia","LINEA":"01","ALCALDIAS":"Benito Juárez","Ramp_s_rue":"Sí"},"geometry":{"type":"Point","coordinates":[-99.148196174425735,19.378791208995278,0.0]}},
{"type":"Feature","properties":{"circuito":null,"SISTEMA":"STE Trolebús","NOMBRE":"Kiff","TIPO":"Intermedia","LINEA":"01","ALCALDIAS":"Benito Juárez","Ramp_s_rue":"Sí"},"geometry":{"type":"Point","coordinates":[-99.147733436337788,19.381125045102259,0.0]}},
{"type":"Feature","properties":{"circuito":null,"SISTEMA":"STE Trolebús","NOMBRE":"Eugenia","TIPO":"Intermedia","LINEA":"01","ALCALDIAS":"Benito Juárez","Ramp_s_rue":"Sí"},"geometry":{"type":"Point","coordinates":[-99.147358598335103,19.384230982598613,0.0]}},
{"type":"Feature","properties":{"circuito":null,"SISTEMA":"STE Trolebús","NOMBRE":"Cumbres de Maltrata","TIPO":"Intermedia","LINEA":"01","ALCALDIAS":"Benito Juárez","Ramp_s_rue":"Sí"},"geometry":{"type":"Point","coordinates":[-99.14714968694804,19.386081313285104,0.0]}},
{"type":"Feature","properties":{"circuito":null,"SISTEMA":"STE Trolebús","NOMBRE":"Luz Saviñón","TIPO":"Intermedia","LINEA":"01","ALCALDIAS":"Benito Juárez","Ramp_s_rue":"Sí"},"geometry":{"type":"Point","coordinates":[-99.146855751585363,19.388535819237099,0.0]}},
{"type":"Feature","properties":{"circuito":null,"SISTEMA":"STE Trolebús","NOMBRE":"Cumbres de Acultzingo","TIPO":"Intermedia","LINEA":"01","ALCALDIAS":"Benito Juárez","Ramp_s_rue":"Sí"},"geometry":{"type":"Point","coordinates":[-99.146355364304185,19.392379670770467,0.0]}},
{"type":"Feature","properties":{"circuito":null,"SISTEMA":"STE Trolebús","NOMBRE":"Centro SCOP","TIPO":"Intermedia","LINEA":"01","ALCALDIAS":"Benito Juárez","Ramp_s_rue":"Sí"},"geometry":{"type":"Point","coordinates":[-99.146093989970453,19.394398327088108,0.0]}},
{"type":"Feature","properties":{"circuito":null,"SISTEMA":"STE Trolebús","NOMBRE":"Morena","TIPO":"Intermedia","LINEA":"01","ALCALDIAS":"Benito Juárez","Ramp_s_rue":"Sí"},"geometry":{"type":"Point","coordinates":[-99.145639855301042,19.397912076591794,0.0]}},
{"type":"Feature","properties":{"circuito":null,"SISTEMA":"STE Trolebús","NOMBRE":"Viaducto","TIPO":"Intermedia","LINEA":"01","ALCALDIAS":"Benito Juárez","Ramp_s_rue":"Sí"},"geometry":{"type":"Point","coordinates":[-99.144973012762534,19.403338575642227,0.0]}},
{"type":"Feature","properties":{"circuito":null,"SISTEMA":"STE Trolebús","NOMBRE":"Lázaro Cárdenas","TIPO":"Intermedia","LINEA":"01","ALCALDIAS":"Cuauhtémoc","Ramp_s_rue":"Sí"},"geometry":{"type":"Point","coordinates":[-99.144601469353347,19.406980118690303,0.0]}},
{"type":"Feature","properties":{"circuito":null,"SISTEMA":"STE Trolebús","NOMBRE":"Antonio Solís","TIPO":"Intermedia","LINEA":"01","ALCALDIAS":"Cuauhtémoc","Ramp_s_rue":"Sí"},"geometry":{"type":"Point","coordinates":[-99.144330061231756,19.409650706595023,0.0]}},
{"type":"Feature","properties":{"circuito":null,"SISTEMA":"STE Trolebús","NOMBRE":"Obrera","TIPO":"Intermedia","LINEA":"01","ALCALDIAS":"Cuauhtémoc","Ramp_s_rue":"Sí"},"geometry":{"type":"Point","coordinates":[-99.143994277741456,19.412954613964544,0.0]}},
{"type":"Feature","properties":{"circuito":null,"SISTEMA":"STE Trolebús","NOMBRE":"Manuel José Othón","TIPO":"Transbordo","LINEA":"01","ALCALDIAS":"Cuauhtémoc","Ramp_s_rue":"Sí"},"geometry":{"type":"Point","coordinates":[-99.143789764623548,19.414980341055575,0.0]}},
{"type":"Feature","properties":{"circuito":null,"SISTEMA":"STE Trolebús","NOMBRE":"Monumento a Lázaro Cárdenas","TIPO":"Intermedia","LINEA":"01","ALCALDIAS":"Cuauhtémoc","Ramp_s_rue":"Sí"},"geometry":{"type":"Point","coordinates":[-99.143533832310453,19.417504173531036,0.0]}},
{"type":"Feature","properties":{"circuito":null,"SISTEMA":"STE Trolebús","NOMBRE":"Doctores","TIPO":"Intermedia","LINEA":"01","ALCALDIAS":"Cuauhtémoc","Ramp_s_rue":"Sí"},"geometry":{"type":"Point","coordinates":[-99.143145321430254,19.42126890057261,0.0]}},
{"type":"Feature","properties":{"circuito":null,"SISTEMA":"STE Trolebús","NOMBRE":"Fray Servando Teresa de Mier","TIPO":"Intermedia","LINEA":"01","ALCALDIAS":"Cuauhtémoc","Ramp_s_rue":"Sí"},"geometry":{"type":"Point","coordinates":[-99.14256414232824,19.424352150272288,0.0]}},
{"type":"Feature","properties":{"circuito":null,"SISTEMA":"STE Trolebús","NOMBRE":"Salto del Agua","TIPO":"Intermedia","LINEA":"01","ALCALDIAS":"Cuauhtémoc","Ramp_s_rue":"Sí"},"geometry":{"type":"Point","coordinates":[-99.142059685847087,19.426316386229992,0.0]}},
{"type":"Feature","properties":{"circuito":null,"SISTEMA":"STE Trolebús","NOMBRE":"Vizcaínas","TIPO":"Intermedia","LINEA":"01","ALCALDIAS":"Cuauhtémoc","Ramp_s_rue":"Sí"},"geometry":{"type":"Point","coordinates":[-99.141611298517375,19.428785206603212,0.0]}},
{"type":"Feature","properties":{"circuito":null,"SISTEMA":"STE Trolebús","NOMBRE":"República de Uruguay","TIPO":"Intermedia","LINEA":"01","ALCALDIAS":"Cuauhtémoc","Ramp_s_rue":"Sí"},"geometry":{"type":"Point","coordinates":[-99.141298520487126,19.431024920015574,0.0]}},
{"type":"Feature","properties":{"circuito":null,"SISTEMA":"STE Trolebús","NOMBRE":"Francisco I. Madero","TIPO":"Intermedia","LINEA":"01","ALCALDIAS":"Cuauhtémoc","Ramp_s_rue":"Sí"},"geometry":{"type":"Point","coordinates":[-99.140854952246485,19.43395524678305,0.0]}},
{"type":"Feature","properties":{"circuito":null,"SISTEMA":"STE Trolebús","NOMBRE":"Bellas Artes","TIPO":"Intermedia","LINEA":"01","ALCALDIAS":"Cuauhtémoc","Ramp_s_rue":"Sí"},"geometry":{"type":"Point","coordinates":[-99.140415501350674,19.436749156344106,0.0]}},
{"type":"Feature","properties":{"circuito":null,"SISTEMA":"STE Trolebús","NOMBRE":"República de Perú","TIPO":"Intermedia","LINEA":"01","ALCALDIAS":"Cuauhtémoc","Ramp_s_rue":"Sí"},"geometry":{"type":"Point","coordinates":[-99.140021090089178,19.439230394604436,0.0]}},
{"type":"Feature","properties":{"circuito":null,"SISTEMA":"STE Trolebús","NOMBRE":"Luna","TIPO":"Intermedia","LINEA":"01","ALCALDIAS":"Cuauhtémoc","Ramp_s_rue":"Sí"},"geometry":{"type":"Point","coordinates":[-99.138712908555917,19.447608599361029,0.0]}},
{"type":"Feature","properties":{"circuito":null,"SISTEMA":"STE Trolebús","NOMBRE":"Flores Magón","TIPO":"Intermedia","LINEA":"01","ALCALDIAS":"Cuauhtémoc","Ramp_s_rue":"Sí"},"geometry":{"type":"Point","coordinates":[-99.138459470409799,19.449140463023571,0.0]}},
{"type":"Feature","properties":{"circuito":null,"SISTEMA":"STE Trolebús","NOMBRE":"Manuel González","TIPO":"Intermedia","LINEA":"01","ALCALDIAS":"Cuauhtémoc","Ramp_s_rue":"Sí"},"geometry":{"type":"Point","coordinates":[-99.138287922450374,19.454010110052753,0.0]}},
{"type":"Feature","properties":{"circuito":null,"SISTEMA":"STE Trolebús","NOMBRE":"Granados","TIPO":"Intermedia","LINEA":"01","ALCALDIAS":"Cuauhtémoc","Ramp_s_rue":"Sí"},"geometry":{"type":"Point","coordinates":[-99.137771816754068,19.457131976533397,0.0]}},
{"type":"Feature","properties":{"circuito":null,"SISTEMA":"STE Trolebús","NOMBRE":"Chopin","TIPO":"Intermedia","LINEA":"01","ALCALDIAS":"Cuauhtémoc","Ramp_s_rue":"Sí"},"geometry":{"type":"Point","coordinates":[-99.137595078746884,19.460629897737565,0.0]}},
{"type":"Feature","properties":{"circuito":null,"SISTEMA":"STE Trolebús","NOMBRE":"Felipe Villanueva","TIPO":"Intermedia","LINEA":"01","ALCALDIAS":"Cuauhtémoc","Ramp_s_rue":"Sí"},"geometry":{"type":"Point","coordinates":[-99.137443915840848,19.464137107491624,0.0]}},
{"type":"Feature","properties":{"circuito":null,"SISTEMA":"STE Trolebús","NOMBRE":"Río Consulado","TIPO":"Intermedia","LINEA":"01","ALCALDIAS":"Gustavo A. Madero","Ramp_s_rue":"Sí"},"geometry":{"type":"Point","coordinates":[-99.137338391969436,19.465925104606161,0.0]}},
{"type":"Feature","properties":{"circuito":null,"SISTEMA":"STE Trolebús","NOMBRE":"Poniente 112","TIPO":"Intermedia","LINEA":"01","ALCALDIAS":"Gustavo A. Madero","Ramp_s_rue":"Sí"},"geometry":{"type":"Point","coordinates":[-99.13917402125341,19.476385104764965,0.0]}},
{"type":"Feature","properties":{"circuito":null,"SISTEMA":"STE Trolebús","NOMBRE":"Velódromo","TIPO":"Intermedia","LINEA":"02","ALCALDIAS":"Venustiano Carranza","Ramp_s_rue":"Sí"},"geometry":{"type":"Point","coordinates":[-99.104610804930687,19.40880344628134,0.0]}},
{"type":"Feature","properties":{"circuito":null,"SISTEMA":"STE Trolebús","NOMBRE":"Fernando Iglesias","TIPO":"Intermedia","LINEA":"02","ALCALDIAS":"Venustiano Carranza","Ramp_s_rue":"Sí"},"geometry":{"type":"Point","coordinates":[-99.108983242105424,19.408391090229035,0.0]}},
{"type":"Feature","properties":{"circuito":null,"SISTEMA":"STE Trolebús","NOMBRE":"Mixiuhca","TIPO":"Intermedia","LINEA":"02","ALCALDIAS":"Venustiano Carranza","Ramp_s_rue":"Sí"},"geometry":{"type":"Point","coordinates":[-99.112538158900747,19.408410022506285,0.0]}},
{"type":"Feature","properties":{"circuito":null,"SISTEMA":"STE Trolebús","NOMBRE":"Industria","TIPO":"Intermedia","LINEA":"02","ALCALDIAS":"Venustiano Carranza","Ramp_s_rue":"Sí"},"geometry":{"type":"Point","coordinates":[-99.115684978118253,19.408716395497603,0.0]}},
{"type":"Feature","properties":{"circuito":null,"SISTEMA":"STE Trolebús","NOMBRE":"Congreso de la Unión 1","TIPO":"Intermedia","LINEA":"02","ALCALDIAS":"Venustiano Carranza","Ramp_s_rue":"Sí"},"geometry":{"type":"Point","coordinates":[-99.121330874308271,19.409249370538241,0.0]}},
{"type":"Feature","properties":{"circuito":null,"SISTEMA":"STE Trolebús","NOMBRE":"Jamaica","TIPO":"Intermedia","LINEA":"02","ALCALDIAS":"Venustiano Carranza","Ramp_s_rue":"Sí"},"geometry":{"type":"Point","coordinates":[-99.121577956934289,19.411125119363156,0.0]}},
{"type":"Feature","properties":{"circuito":null,"SISTEMA":"STE Trolebús","NOMBRE":"Del Taller","TIPO":"Intermedia","LINEA":"02","ALCALDIAS":"Venustiano Carranza","Ramp_s_rue":"Sí"},"geometry":{"type":"Point","coordinates":[-99.121284633021162,19.413632016439561,0.0]}},
{"type":"Feature","properties":{"circuito":null,"SISTEMA":"STE Trolebús","NOMBRE":"Torno","TIPO":"Intermedia","LINEA":"02","ALCALDIAS":"Venustiano Carranza","Ramp_s_rue":"Sí"},"geometry":{"type":"Point","coordinates":[-99.124247397082954,19.413640611820373,0.0]}},
{"type":"Feature","properties":{"circuito":null,"SISTEMA":"STE Trolebús","NOMBRE":"Calzada de La Viga","TIPO":"Intermedia","LINEA":"02","ALCALDIAS":"Venustiano Carranza","Ramp_s_rue":"Sí"},"geometry":{"type":"Point","coordinates":[-99.127584597635817,19.413519883404735,0.0]}},
{"type":"Feature","properties":{"circuito":null,"SISTEMA":"STE Trolebús","NOMBRE":"Clavijero","TIPO":"Intermedia","LINEA":"02","ALCALDIAS":"Cuauhtémoc","Ramp_s_rue":"Sí"},"geometry":{"type":"Point","coordinates":[-99.130505558282493,19.413400434769052,0.0]}},
{"type":"Feature","properties":{"circuito":null,"SISTEMA":"STE Trolebús","NOMBRE":"Tlalpan","TIPO":"Intermedia","LINEA":"02","ALCALDIAS":"Cuauhtémoc","Ramp_s_rue":"Sí"},"geometry":{"type":"Point","coordinates":[-99.133348030153115,19.413320151532872,0.0]}},
{"type":"Feature","properties":{"circuito":null,"SISTEMA":"STE Trolebús","NOMBRE":"5 de Febrero","TIPO":"Intermedia","LINEA":"02","ALCALDIAS":"Cuauhtémoc","Ramp_s_rue":"Sí"},"geometry":{"type":"Point","coordinates":[-99.136883396122386,19.414403580948264,0.0]}},
{"type":"Feature","properties":{"circuito":null,"SISTEMA":"STE Trolebús","NOMBRE":"Isabel La  Católica","TIPO":"Intermedia","LINEA":"02","ALCALDIAS":"Cuauhtémoc","Ramp_s_rue":"Sí"},"geometry":{"type":"Point","coordinates":[-99.13837452676114,19.414843915969666,0.0]}},
{"type":"Feature","properties":{"circuito":null,"SISTEMA":"STE Trolebús","NOMBRE":"Bolívar","TIPO":"Intermedia","LINEA":"02","ALCALDIAS":"Cuauhtémoc","Ramp_s_rue":"Sí"},"geometry":{"type":"Point","coordinates":[-99.140860767493479,19.415011140386824,0.0]}},
{"type":"Feature","properties":{"circuito":null,"SISTEMA":"STE Trolebús","NOMBRE":"Eje Central","TIPO":"Transbordo","LINEA":"02","ALCALDIAS":"Cuauhtémoc","Ramp_s_rue":"Sí"},"geometry":{"type":"Point","coordinates":[-99.143489270728622,19.415187895977724,0.0]}},
{"type":"Feature","properties":{"circuito":null,"SISTEMA":"STE Trolebús","NOMBRE":"Dr. Andrade","TIPO":"Intermedia","LINEA":"02","ALCALDIAS":"Cuauhtémoc","Ramp_s_rue":"Sí"},"geometry":{"type":"Point","coordinates":[-99.146318352673688,19.415398015536375,0.0]}},
{"type":"Feature","properties":{"circuito":null,"SISTEMA":"STE Trolebús","NOMBRE":"Dr. Vértiz","TIPO":"Intermedia","LINEA":"02","ALCALDIAS":"Cuauhtémoc","Ramp_s_rue":"Sí"},"geometry":{"type":"Point","coordinates":[-99.147845320222871,19.415512425970569,0.0]}},
{"type":"Feature","properties":{"circuito":null,"SISTEMA":"STE Trolebús","NOMBRE":"Niños Héroes","TIPO":"Intermedia","LINEA":"02","ALCALDIAS":"Cuauhtémoc","Ramp_s_rue":"Sí"},"geometry":{"type":"Point","coordinates":[-99.150567148795346,19.41571451957012,0.0]}},
{"type":"Feature","properties":{"circuito":null,"SISTEMA":"STE Trolebús","NOMBRE":"Dr. Lucio","TIPO":"Intermedia","LINEA":"02","ALCALDIAS":"Cuauhtémoc","Ramp_s_rue":"Sí"},"geometry":{"type":"Point","coordinates":[-99.152496743442825,19.415857455328798,0.0]}},
{"type":"Feature","properties":{"circuito":null,"SISTEMA":"STE Trolebús","NOMBRE":"Cuauhtémoc","TIPO":"Intermedia","LINEA":"02","ALCALDIAS":"Cuauhtémoc","Ramp_s_rue":"Sí"},"geometry":{"type":"Point","coordinates":[-99.154893626225103,19.415928629950056,0.0]}},
{"type":"Feature","properties":{"circuito":null,"SISTEMA":"STE Trolebús","NOMBRE":"Mérida","TIPO":"Intermedia","LINEA":"02","ALCALDIAS":"Cuauhtémoc","Ramp_s_rue":"Sí"},"geometry":{"type":"Point","coordinates":[-99.156403110502694,19.415632351651091,0.0]}},
{"type":"Feature","properties":{"circuito":null,"SISTEMA":"STE Trolebús","NOMBRE":"Orizaba","TIPO":"Intermedia","LINEA":"02","ALCALDIAS":"Cuauhtémoc","Ramp_s_rue":"Sí"},"geometry":{"type":"Point","coordinates":[-99.158788224960645,19.415164178825918,0.0]}},
{"type":"Feature","properties":{"circuito":null,"SISTEMA":"STE Trolebús","NOMBRE":"Tonalá","TIPO":"Intermedia","LINEA":"02","ALCALDIAS":"Cuauhtémoc","Ramp_s_rue":"Sí"},"geometry":{"type":"Point","coordinates":[-99.161646810185388,19.41460302392758,0.0]}},
{"type":"Feature","properties":{"circuito":null,"SISTEMA":"STE Trolebús","NOMBRE":"Monterrey","TIPO":"Intermedia","LINEA":"02","ALCALDIAS":"Cuauhtémoc","Ramp_s_rue":"Sí"},"geometry":{"type":"Point","coordinates":[-99.162990178286833,19.414339297046798,0.0]}},
{"type":"Feature","properties":{"circuito":null,"SISTEMA":"STE Trolebús","NOMBRE":"Insurgentes","TIPO":"Intermedia","LINEA":"02","ALCALDIAS":"Cuauhtémoc","Ramp_s_rue":"Sí"},"geometry":{"type":"Point","coordinates":[-99.165172828850373,19.415495124478998,0.0]}},
{"type":"Feature","properties":{"circuito":null,"SISTEMA":"STE Trolebús","NOMBRE":"Álvaro Obregón","TIPO":"Intermedia","LINEA":"02","ALCALDIAS":"Cuauhtémoc","Ramp_s_rue":"Sí"},"geometry":{"type":"Point","coordinates":[-99.166996911147876,19.416570509079751,0.0]}},
{"type":"Feature","properties":{"circuito":null,"SISTEMA":"STE Trolebús","NOMBRE":"Sonora","TIPO":"Intermedia","LINEA":"02","ALCALDIAS":"Cuauhtémoc","Ramp_s_rue":"Sí"},"geometry":{"type":"Point","coordinates":[-99.169836236539865,19.416115615019322,0.0]}},
{"type":"Feature","properties":{"circuito":null,"SISTEMA":"STE Trolebús","NOMBRE":"Durango","TIPO":"Intermedia","LINEA":"02","ALCALDIAS":"Cuauhtémoc","Ramp_s_rue":"Sí"},"geometry":{"type":"Point","coordinates":[-99.171906813966714,19.418516107042485,0.0]}},
{"type":"Feature","properties":{"circuito":null,"SISTEMA":"STE Trolebús","NOMBRE":"Chapultepec","TIPO":"Terminal / Transbordo","LINEA":"02","ALCALDIAS":"Cuauhtémoc","Ramp_s_rue":"Sí"},"geometry":{"type":"Point","coordinates":[-99.175365536553201,19.420542481071873,0.0]}},
{"type":"Feature","properties":{"circuito":null,"SISTEMA":"STE Trolebús","NOMBRE":"Sinaloa","TIPO":"Intermedia","LINEA":"02","ALCALDIAS":"Cuauhtémoc","Ramp_s_rue":"Sí"},"geometry":{"type":"Point","coordinates":[-99.173312382566621,19.419431551820068,0.0]}},
{"type":"Feature","properties":{"circuito":null,"SISTEMA":"STE Trolebús","NOMBRE":"Parque España","TIPO":"Intermedia","LINEA":"02","ALCALDIAS":"Cuauhtémoc","Ramp_s_rue":"Sí"},"geometry":{"type":"Point","coordinates":[-99.170637992118657,19.416660273569946,0.0]}},
{"type":"Feature","properties":{"circuito":null,"SISTEMA":"STE Trolebús","NOMBRE":"Álvaro Obregón","TIPO":"Intermedia","LINEA":"02","ALCALDIAS":"Cuauhtémoc","Ramp_s_rue":"Sí"},"geometry":{"type":"Point","coordinates":[-99.16763269162908,19.416606233919794,0.0]}},
{"type":"Feature","properties":{"circuito":null,"SISTEMA":"STE Trolebús","NOMBRE":"Insurgentes","TIPO":"Intermedia","LINEA":"02","ALCALDIAS":"Cuauhtémoc","Ramp_s_rue":"Sí"},"geometry":{"type":"Point","coordinates":[-99.165847362783936,19.415744787600012,0.0]}},
{"type":"Feature","properties":{"circuito":null,"SISTEMA":"STE Trolebús","NOMBRE":"Querétaro","TIPO":"Intermedia","LINEA":"02","ALCALDIAS":"Cuauhtémoc","Ramp_s_rue":"Sí"},"geometry":{"type":"Point","coordinates":[-99.163667120646068,19.414463844392024,0.0]}},
{"type":"Feature","properties":{"circuito":null,"SISTEMA":"STE Trolebús","NOMBRE":"Tonalá","TIPO":"Intermedia","LINEA":"02","ALCALDIAS":"Cuauhtémoc","Ramp_s_rue":"Sí"},"geometry":{"type":"Point","coordinates":[-99.161713067016763,19.413663474709434,0.0]}},
{"type":"Feature","properties":{"circuito":null,"SISTEMA":"STE Trolebús","NOMBRE":"Orizaba","TIPO":"Intermedia","LINEA":"02","ALCALDIAS":"Cuauhtémoc","Ramp_s_rue":"Sí"},"geometry":{"type":"Point","coordinates":[-99.158877145678616,19.414222380771051,0.0]}},
{"type":"Feature","properties":{"circuito":null,"SISTEMA":"STE Trolebús","NOMBRE":"Mérida","TIPO":"Intermedia","LINEA":"02","ALCALDIAS":"Cuauhtémoc","Ramp_s_rue":"Sí"},"geometry":{"type":"Point","coordinates":[-99.156510136233379,19.414688318264165,0.0]}},
{"type":"Feature","properties":{"circuito":null,"SISTEMA":"STE Trolebús","NOMBRE":"Cuauhtémoc","TIPO":"Intermedia","LINEA":"02","ALCALDIAS":"Cuauhtémoc","Ramp_s_rue":"Sí"},"geometry":{"type":"Point","coordinates":[-99.155039289518584,19.414975320670411,0.0]}},
{"type":"Feature","properties":{"circuito":null,"SISTEMA":"STE Trolebús","NOMBRE":"Dr. Lucio","TIPO":"Intermedia","LINEA":"02","ALCALDIAS":"Cuauhtémoc","Ramp_s_rue":"Sí"},"geometry":{"type":"Point","coordinates":[-99.153076096378641,19.414945130698573,0.0]}},
{"type":"Feature","properties":{"circuito":null,"SISTEMA":"STE Trolebús","NOMBRE":"Dr. Jiménez","TIPO":"Intermedia","LINEA":"02","ALCALDIAS":"Cuauhtémoc","Ramp_s_rue":"Sí"},"geometry":{"type":"Point","coordinates":[-99.149990559821077,19.414704605858173,0.0]}},
{"type":"Feature","properties":{"circuito":null,"SISTEMA":"STE Trolebús","NOMBRE":"Dr. Vértiz","TIPO":"Intermedia","LINEA":"02","ALCALDIAS":"Cuauhtémoc","Ramp_s_rue":"Sí"},"geometry":{"type":"Point","coordinates":[-99.148535008187082,19.414601030667423,0.0]}},
{"type":"Feature","properties":{"circuito":null,"SISTEMA":"STE Trolebús","NOMBRE":"Dr. Andrade","TIPO":"Intermedia","LINEA":"02","ALCALDIAS":"Cuauhtémoc","Ramp_s_rue":"Sí"},"geometry":{"type":"Point","coordinates":[-99.146873068959422,19.414476348806833,0.0]}},
{"type":"Feature","properties":{"circuito":null,"SISTEMA":"STE Trolebús","NOMBRE":"Eje Central","TIPO":"Transbordo","LINEA":"02","ALCALDIAS":"Cuauhtémoc","Ramp_s_rue":"Sí"},"geometry":{"type":"Point","coordinates":[-99.14414021629571,19.414270015679254,0.0]}},
{"type":"Feature","properties":{"circuito":null,"SISTEMA":"STE Trolebús","NOMBRE":"Bolívar","TIPO":"Intermedia","LINEA":"02","ALCALDIAS":"Cuauhtémoc","Ramp_s_rue":"Sí"},"geometry":{"type":"Point","coordinates":[-99.141411954295151,19.414063987599256,0.0]}},
{"type":"Feature","properties":{"circuito":null,"SISTEMA":"STE Trolebús","NOMBRE":"Isabel La Católica","TIPO":"Intermedia","LINEA":"02","ALCALDIAS":"Cuauhtémoc","Ramp_s_rue":"Sí"},"geometry":{"type":"Point","coordinates":[-99.13903271231365,19.413882768829151,0.0]}},
{"type":"Feature","properties":{"circuito":null,"SISTEMA":"STE Trolebús","NOMBRE":"5 de Febrero","TIPO":"Intermedia","LINEA":"02","ALCALDIAS":"Cuauhtémoc","Ramp_s_rue":"Sí"},"geometry":{"type":"Point","coordinates":[-99.137034630766038,19.413730527858924,0.0]}},
{"type":"Feature","properties":{"circuito":null,"SISTEMA":"STE Trolebús","NOMBRE":"José Antonio Torres","TIPO":"Intermedia","LINEA":"02","ALCALDIAS":"Cuauhtémoc","Ramp_s_rue":"Sí"},"geometry":{"type":"Point","coordinates":[-99.132492676396367,19.412033270031881,0.0]}},
{"type":"Feature","properties":{"circuito":null,"SISTEMA":"STE Trolebús","NOMBRE":"Clavijero","TIPO":"Intermedia","LINEA":"02","ALCALDIAS":"Cuauhtémoc","Ramp_s_rue":"Sí"},"geometry":{"type":"Point","coordinates":[-99.131031402174045,19.412021803327331,0.0]}},
{"type":"Feature","properties":{"circuito":null,"SISTEMA":"STE Trolebús","NOMBRE":"Calzada de La Viga","TIPO":"Intermedia","LINEA":"02","ALCALDIAS":"Cuauhtémoc","Ramp_s_rue":"Sí"},"geometry":{"type":"Point","coordinates":[-99.128839898241168,19.4133476006146,0.0]}},
{"type":"Feature","properties":{"circuito":null,"SISTEMA":"STE Trolebús","NOMBRE":"Callejón Resurrección","TIPO":"Intermedia","LINEA":"02","ALCALDIAS":"Venustiano Carranza","Ramp_s_rue":"Sí"},"geometry":{"type":"Point","coordinates":[-99.126170445853404,19.413480334432009,0.0]}},
{"type":"Feature","properties":{"circuito":null,"SISTEMA":"STE Trolebús","NOMBRE":"Torno","TIPO":"Intermedia","LINEA":"02","ALCALDIAS":"Venustiano Carranza","Ramp_s_rue":"Sí"},"geometry":{"type":"Point","coordinates":[-99.124594151485198,19.413536054080691,0.0]}},
{"type":"Feature","properties":{"circuito":null,"SISTEMA":"STE Trolebús","NOMBRE":"Congreso de la Unión","TIPO":"Intermedia","LINEA":"02","ALCALDIAS":"Venustiano Carranza","Ramp_s_rue":"Sí"},"geometry":{"type":"Point","coordinates":[-99.122030537079596,19.413626932552916,0.0]}},
{"type":"Feature","properties":{"circuito":null,"SISTEMA":"STE Trolebús","NOMBRE":"Cucurpe","TIPO":"Intermedia","LINEA":"02","ALCALDIAS":"Venustiano Carranza","Ramp_s_rue":"Sí"},"geometry":{"type":"Point","coordinates":[-99.117931523394802,19.413884734013791,0.0]}},
{"type":"Feature","properties":{"circuito":null,"SISTEMA":"STE Trolebús","NOMBRE":"Aconchi","TIPO":"Intermedia","LINEA":"02","ALCALDIAS":"Venustiano Carranza","Ramp_s_rue":"Sí"},"geometry":{"type":"Point","coordinates":[-99.115985156930947,19.413971990123141,0.0]}},
{"type":"Feature","properties":{"circuito":null,"SISTEMA":"STE Trolebús","NOMBRE":"Antonio Peña y Reyes","TIPO":"Intermedia","LINEA":"02","ALCALDIAS":"Venustiano Carranza","Ramp_s_rue":"Sí"},"geometry":{"type":"Point","coordinates":[-99.10898670033832,19.413260113162877,0.0]}},
{"type":"Feature","properties":{"circuito":null,"SISTEMA":"STE Trolebús","NOMBRE":"Fernando Iglesias","TIPO":"Intermedia","LINEA":"02","ALCALDIAS":"Venustiano Carranza","Ramp_s_rue":"Sí"},"geometry":{"type":"Point","coordinates":[-99.106195723291094,19.412974474772575,0.0]}},
{"type":"Feature","properties":{"circuito":null,"SISTEMA":"STE Trolebús","NOMBRE":"Retorno 39","TIPO":"Intermedia","LINEA":"02","ALCALDIAS":"Venustiano Carranza","Ramp_s_rue":"Sí"},"geometry":{"type":"Point","coordinates":[-99.10322162970526,19.412189479851968,0.0]}},
{"type":"Feature","properties":{"circuito":null,"SISTEMA":"STE Trolebús","NOMBRE":"Genaro García","TIPO":"Intermedia","LINEA":"02","ALCALDIAS":"Venustiano Carranza","Ramp_s_rue":"Sí"},"geometry":{"type":"Point","coordinates":[-99.101298256507107,19.411393198133133,0.0]}},
{"type":"Feature","properties":{"circuito":null,"SISTEMA":"STE Trolebús","NOMBRE":"Ramadés Treviño","TIPO":"Transbordo","LINEA":"02","ALCALDIAS":"Venustiano Carranza","Ramp_s_rue":"Sí"},"geometry":{"type":"Point","coordinates":[-99.103364319242658,19.4112170759668,0.0]}},
{"type":"Feature","properties":{"circuito":null,"SISTEMA":"STE Trolebús","NOMBRE":"Museo de Transportes Eléctricos","TIPO":"Terminal","LINEA":"03","ALCALDIAS":"Iztapalapa","Ramp_s_rue":"Sí"},"geometry":{"type":"Point","coordinates":[-99.133279131520553,19.366429157461329,0.0]}},
{"type":"Feature","properties":{"circuito":null,"SISTEMA":"STE Trolebús","NOMBRE":"Plutarco Elías Calles","TIPO":"Intermedia","LINEA":"03","ALCALDIAS":"Iztapalapa","Ramp_s_rue":"Sí"},"geometry":{"type":"Point","coordinates":[-99.137243459063271,19.367197514694716,0.0]}},
{"type":"Feature","properties":{"circuito":null,"SISTEMA":"STE Trolebús","NOMBRE":"Miravalle","TIPO":"Intermedia","LINEA":"03","ALCALDIAS":"Benito Juárez","Ramp_s_rue":"Sí"},"geometry":{"type":"Point","coordinates":[-99.139138073442012,19.367544580407575,0.0]}},
{"type":"Feature","properties":{"circuito":null,"SISTEMA":"STE Trolebús","NOMBRE":"Bélgica","TIPO":"Intermedia","LINEA":"03","ALCALDIAS":"Benito Juárez","Ramp_s_rue":"Sí"},"geometry":{"type":"Point","coordinates":[-99.144859917537104,19.368515233456819,0.0]}},
{"type":"Feature","properties":{"circuito":null,"SISTEMA":"STE Trolebús","NOMBRE":"Eje Central","TIPO":"Transbordo","LINEA":"03","ALCALDIAS":"Benito Juárez","Ramp_s_rue":"Sí"},"geometry":{"type":"Point","coordinates":[-99.149612988109439,19.369265684960652,0.0]}},
{"type":"Feature","properties":{"circuito":null,"SISTEMA":"STE Trolebús","NOMBRE":"Tokio","TIPO":"Intermedia","LINEA":"03","ALCALDIAS":"Benito Juárez","Ramp_s_rue":"Sí"},"geometry":{"type":"Point","coordinates":[-99.152410168532001,19.369698883805164,0.0]}},
{"type":"Feature","properties":{"circuito":null,"SISTEMA":"STE Trolebús","NOMBRE":"Dr. Vertiz","TIPO":"Intermedia","LINEA":"03","ALCALDIAS":"Benito Juárez","Ramp_s_rue":"Sí"},"geometry":{"type":"Point","coordinates":[-99.154842093584691,19.370074948505259,0.0]}},
{"type":"Feature","properties":{"circuito":null,"SISTEMA":"STE Trolebús","NOMBRE":"División del Norte","TIPO":"Intermedia","LINEA":"03","ALCALDIAS":"Benito Juárez","Ramp_s_rue":"Sí"},"geometry":{"type":"Point","coordinates":[-99.156431680349939,19.370320738327521,0.0]}},
{"type":"Feature","properties":{"circuito":null,"SISTEMA":"STE Trolebús","NOMBRE":"Parque de Los Venados","TIPO":"Intermedia","LINEA":"03","ALCALDIAS":"Benito Juárez","Ramp_s_rue":"Sí"},"geometry":{"type":"Point","coordinates":[-99.158497399128635,19.370652227308195,0.0]}},
{"type":"Feature","properties":{"circuito":null,"SISTEMA":"STE Trolebús","NOMBRE":"Cuauhtémoc","TIPO":"Intermedia","LINEA":"03","ALCALDIAS":"Benito Juárez","Ramp_s_rue":"Sí"},"geometry":{"type":"Point","coordinates":[-99.160377396488286,19.370934693473181,0.0]}},
{"type":"Feature","properties":{"circuito":null,"SISTEMA":"STE Trolebús","NOMBRE":"Zapata 1","TIPO":"Intermedia","LINEA":"03","ALCALDIAS":"Benito Juárez","Ramp_s_rue":"Sí"},"geometry":{"type":"Point","coordinates":[-99.164514535560258,19.370651506387375,0.0]}},
{"type":"Feature","properties":{"circuito":null,"SISTEMA":"STE Trolebús","NOMBRE":"Zapata 2","TIPO":"Intermedia","LINEA":"03","ALCALDIAS":"Benito Juárez","Ramp_s_rue":"Sí"},"geometry":{"type":"Point","coordinates":[-99.165173892914112,19.370781709939727,0.0]}},
{"type":"Feature","properties":{"circuito":null,"SISTEMA":"STE Trolebús","NOMBRE":"Aniceto Ortega","TIPO":"Intermedia","LINEA":"03","ALCALDIAS":"Benito Juárez","Ramp_s_rue":"Sí"},"geometry":{"type":"Point","coordinates":[-99.166936240822011,19.37117174228845,0.0]}},
{"type":"Feature","properties":{"circuito":null,"SISTEMA":"STE Trolebús","NOMBRE":"Hospital 20 De Noviembre","TIPO":"Intermedia","LINEA":"03","ALCALDIAS":"Benito Juárez","Ramp_s_rue":"Sí"},"geometry":{"type":"Point","coordinates":[-99.170684655987657,19.371998295253551,0.0]}},
{"type":"Feature","properties":{"circuito":null,"SISTEMA":"STE Trolebús","NOMBRE":"Moras","TIPO":"Intermedia","LINEA":"03","ALCALDIAS":"Benito Juárez","Ramp_s_rue":"Sí"},"geometry":{"type":"Point","coordinates":[-99.173797581230161,19.372685160064126,0.0]}},
{"type":"Feature","properties":{"circuito":null,"SISTEMA":"STE Trolebús","NOMBRE":"Adolfo Prieto","TIPO":"Intermedia","LINEA":"03","ALCALDIAS":"Benito Juárez","Ramp_s_rue":"Sí"},"geometry":{"type":"Point","coordinates":[-99.172124984635786,19.372316070986468,0.0]}},
{"type":"Feature","properties":{"circuito":null,"SISTEMA":"STE Trolebús","NOMBRE":"San Francisco","TIPO":"Intermedia","LINEA":"03","ALCALDIAS":"Benito Juárez","Ramp_s_rue":"Sí"},"geometry":{"type":"Point","coordinates":[-99.175890039206863,19.373110423317033,0.0]}},
{"type":"Feature","properties":{"circuito":null,"SISTEMA":"STE Trolebús","NOMBRE":"Insurgentes Sur","TIPO":"Intermedia","LINEA":"03","ALCALDIAS":"Benito Juárez","Ramp_s_rue":"Sí"},"geometry":{"type":"Point","coordinates":[-99.178444791274529,19.373656811799229,0.0]}},
{"type":"Feature","properties":{"circuito":null,"SISTEMA":"STE Trolebús","NOMBRE":"Jerez","TIPO":"Intermedia","LINEA":"03","ALCALDIAS":"Benito Juárez","Ramp_s_rue":"Sí"},"geometry":{"type":"Point","coordinates":[-99.181782207983218,19.374431489776072,0.0]}},
{"type":"Feature","properties":{"circuito":null,"SISTEMA":"STE Trolebús","NOMBRE":"Poussin","TIPO":"Intermedia","LINEA":"03","ALCALDIAS":"Benito Juárez","Ramp_s_rue":"Sí"},"geometry":{"type":"Point","coordinates":[-99.185502901780637,19.375412389022742,0.0]}},
{"type":"Feature","properties":{"circuito":null,"SISTEMA":"STE Trolebús","NOMBRE":"Mixcoac Norte","TIPO":"Terminal","LINEA":"03","ALCALDIAS":"Benito Juárez","Ramp_s_rue":"Sí"},"geometry":{"type":"Point","coordinates":[-99.187999795222396,19.376123622788889,0.0]}},
{"type":"Feature","properties":{"circuito":null,"SISTEMA":"STE Trolebús","NOMBRE":"Mixcoac Sur","TIPO":"Terminal","LINEA":"03","ALCALDIAS":"Benito Juárez","Ramp_s_rue":"Sí"},"geometry":{"type":"Point","coordinates":[-99.18797035169159,19.375846785166942,0.0]}},
{"type":"Feature","properties":{"circuito":null,"SISTEMA":"STE Trolebús","NOMBRE":"Patriotismo","TIPO":"Intermedia","LINEA":"03","ALCALDIAS":"Benito Juárez","Ramp_s_rue":"Sí"},"geometry":{"type":"Point","coordinates":[-99.18697009268061,19.375676769218295,0.0]}},
{"type":"Feature","properties":{"circuito":null,"SISTEMA":"STE Trolebús","NOMBRE":"Poussin","TIPO":"Intermedia","LINEA":"03","ALCALDIAS":"Benito Juárez","Ramp_s_rue":"Sí"},"geometry":{"type":"Point","coordinates":[-99.1855604339965,19.375291048637937,0.0]}},
{"type":"Feature","properties":{"circuito":null,"SISTEMA":"STE Trolebús","NOMBRE":"Augusto Rodín","TIPO":"Intermedia","LINEA":"03","ALCALDIAS":"Benito Juárez","Ramp_s_rue":"Sí"},"geometry":{"type":"Point","coordinates":[-99.183352302603282,19.374686636063995,0.0]}},
{"type":"Feature","properties":{"circuito":null,"SISTEMA":"STE Trolebús","NOMBRE":"Santander","TIPO":"Intermedia","LINEA":"03","ALCALDIAS":"Benito Juárez","Ramp_s_rue":"Sí"},"geometry":{"type":"Point","coordinates":[-99.179361623923882,19.373742026349248,0.0]}},
{"type":"Feature","properties":{"circuito":null,"SISTEMA":"STE Trolebús","NOMBRE":"Insurgentes Sur","TIPO":"Intermedia","LINEA":"03","ALCALDIAS":"Benito Juárez","Ramp_s_rue":"Sí"},"geometry":{"type":"Point","coordinates":[-99.178598454971223,19.373553061581983,0.0]}},
{"type":"Feature","properties":{"circuito":null,"SISTEMA":"STE Trolebús","NOMBRE":"San Francisco","TIPO":"Intermedia","LINEA":"03","ALCALDIAS":"Benito Juárez","Ramp_s_rue":"Sí"},"geometry":{"type":"Point","coordinates":[-99.17577686268028,19.372956707628713,0.0]}},
{"type":"Feature","properties":{"circuito":null,"SISTEMA":"STE Trolebús","NOMBRE":"Moras","TIPO":"Intermedia","LINEA":"03","ALCALDIAS":"Benito Juárez","Ramp_s_rue":"Sí"},"geometry":{"type":"Point","coordinates":[-99.17396814134473,19.372575862126055,0.0]}},
{"type":"Feature","properties":{"circuito":null,"SISTEMA":"STE Trolebús","NOMBRE":"Hospital 20 De Noviembre","TIPO":"Intermedia","LINEA":"03","ALCALDIAS":"Benito Juárez","Ramp_s_rue":"Sí"},"geometry":{"type":"Point","coordinates":[-99.171079417491498,19.371945505607727,0.0]}},
{"type":"Feature","properties":{"circuito":null,"SISTEMA":"STE Trolebús","NOMBRE":"Gabriel Mancera","TIPO":"Intermedia","LINEA":"03","ALCALDIAS":"Benito Juárez","Ramp_s_rue":"Sí"},"geometry":{"type":"Point","coordinates":[-99.168714318652164,19.37142549951319,0.0]}},
{"type":"Feature","properties":{"circuito":null,"SISTEMA":"STE Trolebús","NOMBRE":"Aniceto Ortega","TIPO":"Intermedia","LINEA":"03","ALCALDIAS":"Benito Juárez","Ramp_s_rue":"Sí"},"geometry":{"type":"Point","coordinates":[-99.166825013018212,19.371007315264421,0.0]}},
{"type":"Feature","properties":{"circuito":null,"SISTEMA":"STE Trolebús","NOMBRE":"Zapata 2","TIPO":"Intermedia","LINEA":"03","ALCALDIAS":"Benito Juárez","Ramp_s_rue":"Sí"},"geometry":{"type":"Point","coordinates":[-99.165367562423498,19.37068335293992,0.0]}},
{"type":"Feature","properties":{"circuito":null,"SISTEMA":"STE Trolebús","NOMBRE":"Zapata 1","TIPO":"Intermedia","LINEA":"03","ALCALDIAS":"Benito Juárez","Ramp_s_rue":"Sí"},"geometry":{"type":"Point","coordinates":[-99.164524755460306,19.370479193367675,0.0]}},
{"type":"Feature","properties":{"circuito":null,"SISTEMA":"STE Trolebús","NOMBRE":"Cuauhtémoc","TIPO":"Intermedia","LINEA":"03","ALCALDIAS":"Benito Juárez","Ramp_s_rue":"Sí"},"geometry":{"type":"Point","coordinates":[-99.161860142682002,19.369231331145311,0.0]}},
{"type":"Feature","properties":{"circuito":null,"SISTEMA":"STE Trolebús","NOMBRE":"Uxmal","TIPO":"Intermedia","LINEA":"03","ALCALDIAS":"Benito Juárez","Ramp_s_rue":"Sí"},"geometry":{"type":"Point","coordinates":[-99.159505821360057,19.367485351147554,0.0]}},
{"type":"Feature","properties":{"circuito":null,"SISTEMA":"STE Trolebús","NOMBRE":"Centro de Rehabilitación (DIF)","TIPO":"Intermedia","LINEA":"03","ALCALDIAS":"Benito Juárez","Ramp_s_rue":"Sí"},"geometry":{"type":"Point","coordinates":[-99.158031372159499,19.366699461184798,0.0]}},
{"type":"Feature","properties":{"circuito":null,"SISTEMA":"STE Trolebús","NOMBRE":"Av. México","TIPO":"Intermedia","LINEA":"03","ALCALDIAS":"Benito Juárez","Ramp_s_rue":"Sí"},"geometry":{"type":"Point","coordinates":[-99.163526342462148,19.370252503457014,0.0]}},
{"type":"Feature","properties":{"circuito":null,"SISTEMA":"STE Trolebús","NOMBRE":"División del Norte","TIPO":"Intermedia","LINEA":"03","ALCALDIAS":"Benito Juárez","Ramp_s_rue":"Sí"},"geometry":{"type":"Point","coordinates":[-99.155763687379817,19.36630110243031,0.0]}},
{"type":"Feature","properties":{"circuito":null,"SISTEMA":"STE Trolebús","NOMBRE":"Tokio","TIPO":"Intermedia","LINEA":"03","ALCALDIAS":"Benito Juárez","Ramp_s_rue":"Sí"},"geometry":{"type":"Point","coordinates":[-99.153433872365142,19.365946176265435,0.0]}},
{"type":"Feature","properties":{"circuito":null,"SISTEMA":"STE Trolebús","NOMBRE":"Eje Central","TIPO":"Transbordo","LINEA":"03","ALCALDIAS":"Benito Juárez","Ramp_s_rue":"Sí"},"geometry":{"type":"Point","coordinates":[-99.150991242248764,19.365567108921521,0.0]}},
{"type":"Feature","properties":{"circuito":null,"SISTEMA":"STE Trolebús","NOMBRE":"Canarias","TIPO":"Intermedia","LINEA":"03","ALCALDIAS":"Benito Juárez","Ramp_s_rue":"Sí"},"geometry":{"type":"Point","coordinates":[-99.14774437965302,19.365061689118757,0.0]}},
{"type":"Feature","properties":{"circuito":null,"SISTEMA":"STE Trolebús","NOMBRE":"Balboa","TIPO":"Intermedia","LINEA":"03","ALCALDIAS":"Benito Juárez","Ramp_s_rue":"Sí"},"geometry":{"type":"Point","coordinates":[-99.145268747446195,19.364680263579398,0.0]}},
{"type":"Feature","properties":{"circuito":null,"SISTEMA":"STE Trolebús","NOMBRE":"Plutarco Elías Calles","TIPO":"Intermedia","LINEA":"03","ALCALDIAS":"Benito Juárez","Ramp_s_rue":"Sí"},"geometry":{"type":"Point","coordinates":[-99.138862006023913,19.363629381974615,0.0]}},
{"type":"Feature","properties":{"circuito":null,"SISTEMA":"STE Trolebús","NOMBRE":"Sur 69-A","TIPO":"Intermedia","LINEA":"03","ALCALDIAS":"Iztapalapa","Ramp_s_rue":"Sí"},"geometry":{"type":"Point","coordinates":[-99.136265443099248,19.363287151548498,0.0]}},
{"type":"Feature","properties":{"circuito":null,"SISTEMA":"STE Trolebús","NOMBRE":"Sur 73","TIPO":"Intermedia","LINEA":"03","ALCALDIAS":"Iztapalapa","Ramp_s_rue":"Sí"},"geometry":{"type":"Point","coordinates":[-99.134285536251667,19.36302745940672,0.0]}},
{"type":"Feature","properties":{"circuito":null,"SISTEMA":"STE Trolebús","NOMBRE":"Arboledas","TIPO":"Intermedia","LINEA":"03","ALCALDIAS":"Iztapalapa","Ramp_s_rue":"Sí"},"geometry":{"type":"Point","coordinates":[-99.133661907547477,19.364341882344871,0.0]}},
{"type":"Feature","properties":{"circuito":null,"SISTEMA":"STE Trolebús","NOMBRE":"Cetram Metro El Rosario","TIPO":"Terminal","LINEA":"04","ALCALDIAS":"Azcapotzalco","Ramp_s_rue":"Sí"},"geometry":{"type":"Point","coordinates":[-99.201332031526164,19.504007543729173,0.0]}},
{"type":"Feature","properties":{"circuito":null,"SISTEMA":"STE Trolebús","NOMBRE":"Av. de Las Culturas","TIPO":"Intermedia","LINEA":"04","ALCALDIAS":"Azcapotzalco","Ramp_s_rue":"Sí"},"geometry":{"type":"Point","coordinates":[-99.198532592027533,19.511188877619524,0.0]}},
{"type":"Feature","properties":{"circuito":null,"SISTEMA":"STE Trolebús","NOMBRE":"Mecánicos","TIPO":"Intermedia","LINEA":"04","ALCALDIAS":"Azcapotzalco","Ramp_s_rue":"Sí"},"geometry":{"type":"Point","coordinates":[-99.199342811597404,19.511558016266559,0.0]}},
{"type":"Feature","properties":{"circuito":null,"SISTEMA":"STE Trolebús","NOMBRE":"Pescadores","TIPO":"Intermedia","LINEA":"04","ALCALDIAS":"Azcapotzalco","Ramp_s_rue":"Sí"},"geometry":{"type":"Point","coordinates":[-99.202003151944837,19.510627491167487,0.0]}},
{"type":"Feature","properties":{"circuito":null,"SISTEMA":"STE Trolebús","NOMBRE":"Cultura Náhuatl","TIPO":"Intermedia","LINEA":"04","ALCALDIAS":"Azcapotzalco","Ramp_s_rue":"Sí"},"geometry":{"type":"Point","coordinates":[-99.204413018535249,19.509358291479543,0.0]}},
{"type":"Feature","properties":{"circuito":null,"SISTEMA":"STE Trolebús","NOMBRE":"Alfareros","TIPO":"Intermedia","LINEA":"04","ALCALDIAS":"Azcapotzalco","Ramp_s_rue":"Sí"},"geometry":{"type":"Point","coordinates":[-99.208360214610281,19.508555454741366,0.0]}},
{"type":"Feature","properties":{"circuito":null,"SISTEMA":"STE Trolebús","NOMBRE":"Av. Aquiles Serdán","TIPO":"Intermedia","LINEA":"04","ALCALDIAS":"Azcapotzalco","Ramp_s_rue":"Sí"},"geometry":{"type":"Point","coordinates":[-99.208317156734338,19.506450217336582,0.0]}},
{"type":"Feature","properties":{"circuito":null,"SISTEMA":"STE Trolebús","NOMBRE":"Rancho San Juan de Dios","TIPO":"Intermedia","LINEA":"04","ALCALDIAS":"Azcapotzalco","Ramp_s_rue":"Sí"},"geometry":{"type":"Point","coordinates":[-99.206880281604555,19.504395134932636,0.0]}},
{"type":"Feature","properties":{"circuito":null,"SISTEMA":"STE Trolebús","NOMBRE":"Hacienda De Sotelo","TIPO":"Intermedia","LINEA":"04","ALCALDIAS":"Azcapotzalco","Ramp_s_rue":"Sí"},"geometry":{"type":"Point","coordinates":[-99.205154040594479,19.502237492341305,0.0]}},
{"type":"Feature","properties":{"circuito":null,"SISTEMA":"STE Trolebús","NOMBRE":"C.C.H. Azcapotzalco","TIPO":"Intermedia","LINEA":"04","ALCALDIAS":"Azcapotzalco","Ramp_s_rue":"Sí"},"geometry":{"type":"Point","coordinates":[-99.202491450418208,19.499231554160417,0.0]}},
{"type":"Feature","properties":{"circuito":null,"SISTEMA":"STE Trolebús","NOMBRE":"Puente de Guerra","TIPO":"Intermedia","LINEA":"04","ALCALDIAS":"Azcapotzalco","Ramp_s_rue":"Sí"},"geometry":{"type":"Point","coordinates":[-99.199705064908386,19.496468953916224,0.0]}},
{"type":"Feature","properties":{"circuito":null,"SISTEMA":"STE Trolebús","NOMBRE":"Zempoaltecas","TIPO":"Intermedia","LINEA":"04","ALCALDIAS":"Azcapotzalco","Ramp_s_rue":"Sí"},"geometry":{"type":"Point","coordinates":[-99.196467794681269,19.491812597015794,0.0]}},
{"type":"Feature","properties":{"circuito":null,"SISTEMA":"STE Trolebús","NOMBRE":"Aquiles Serdán","TIPO":"Intermedia","LINEA":"04","ALCALDIAS":"Azcapotzalco","Ramp_s_rue":"Sí"},"geometry":{"type":"Point","coordinates":[-99.195198912080414,19.490236341576022,0.0]}},
{"type":"Feature","properties":{"circuito":null,"SISTEMA":"STE Trolebús","NOMBRE":"Centéotl","TIPO":"Intermedia","LINEA":"04","ALCALDIAS":"Azcapotzalco","Ramp_s_rue":"Sí"},"geometry":{"type":"Point","coordinates":[-99.193319235077254,19.488473767788221,0.0]}},
{"type":"Feature","properties":{"circuito":null,"SISTEMA":"STE Trolebús","NOMBRE":"Santo Domingo","TIPO":"Intermedia","LINEA":"04","ALCALDIAS":"Azcapotzalco","Ramp_s_rue":"Sí"},"geometry":{"type":"Point","coordinates":[-99.191825728360669,19.487205160969175,0.0]}},
{"type":"Feature","properties":{"circuito":null,"SISTEMA":"STE Trolebús","NOMBRE":"FF.CC. Nacionales","TIPO":"Intermedia","LINEA":"04","ALCALDIAS":"Azcapotzalco","Ramp_s_rue":"Sí"},"geometry":{"type":"Point","coordinates":[-99.190356093052287,19.485953135272357,0.0]}},
{"type":"Feature","properties":{"circuito":null,"SISTEMA":"STE Trolebús","NOMBRE":"Hidalgo","TIPO":"Intermedia","LINEA":"04","ALCALDIAS":"Azcapotzalco","Ramp_s_rue":"Sí"},"geometry":{"type":"Point","coordinates":[-99.188656607958279,19.481462971251947,0.0]}},
{"type":"Feature","properties":{"circuito":null,"SISTEMA":"STE Trolebús","NOMBRE":"Camarones","TIPO":"Intermedia","LINEA":"04","ALCALDIAS":"Azcapotzalco","Ramp_s_rue":"Sí"},"geometry":{"type":"Point","coordinates":[-99.188840613959329,19.479484439276217,0.0]}},
{"type":"Feature","properties":{"circuito":null,"SISTEMA":"STE Trolebús","NOMBRE":"Av. Azcapotzalco","TIPO":"Intermedia","LINEA":"04","ALCALDIAS":"Azcapotzalco","Ramp_s_rue":"Sí"},"geometry":{"type":"Point","coordinates":[-99.187155028930064,19.478430972630633,0.0]}},
{"type":"Feature","properties":{"circuito":null,"SISTEMA":"STE Trolebús","NOMBRE":"22 de Febrero","TIPO":"Intermedia","LINEA":"04","ALCALDIAS":"Azcapotzalco","Ramp_s_rue":"Sí"},"geometry":{"type":"Point","coordinates":[-99.1851517853122,19.477868610795479,0.0]}},
{"type":"Feature","properties":{"circuito":null,"SISTEMA":"STE Trolebús","NOMBRE":"Nubia","TIPO":"Intermedia","LINEA":"04","ALCALDIAS":"Azcapotzalco","Ramp_s_rue":"Sí"},"geometry":{"type":"Point","coordinates":[-99.182095985615476,19.474436499746766,0.0]}},
{"type":"Feature","properties":{"circuito":null,"SISTEMA":"STE Trolebús","NOMBRE":"Salónica","TIPO":"Intermedia","LINEA":"04","ALCALDIAS":"Azcapotzalco","Ramp_s_rue":"Sí"},"geometry":{"type":"Point","coordinates":[-99.179418549611199,19.471272821961147,0.0]}},
{"type":"Feature","properties":{"circuito":null,"SISTEMA":"STE Trolebús","NOMBRE":"Glorieta de Camarones","TIPO":"Transbordo","LINEA":"04","ALCALDIAS":"Azcapotzalco","Ramp_s_rue":"Sí"},"geometry":{"type":"Point","coordinates":[-99.177067108711952,19.468871287875665,0.0]}},
{"type":"Feature","properties":{"circuito":null,"SISTEMA":"STE Trolebús","NOMBRE":"Av. Cuitláhuac","TIPO":"Intermedia","LINEA":"04","ALCALDIAS":"Azcapotzalco","Ramp_s_rue":"Sí"},"geometry":{"type":"Point","coordinates":[-99.175334203284194,19.468492783181002,0.0]}},
{"type":"Feature","properties":{"circuito":null,"SISTEMA":"STE Trolebús","NOMBRE":"Piña","TIPO":"Intermedia","LINEA":"04","ALCALDIAS":"Azcapotzalco","Ramp_s_rue":"Sí"},"geometry":{"type":"Point","coordinates":[-99.170040783166939,19.470139646528381,0.0]}},
{"type":"Feature","properties":{"circuito":null,"SISTEMA":"STE Trolebús","NOMBRE":"Plan de San Luis","TIPO":"Intermedia","LINEA":"04","ALCALDIAS":"Azcapotzalco","Ramp_s_rue":"Sí"},"geometry":{"type":"Point","coordinates":[-99.166412254954892,19.471260985218017,0.0]}},
{"type":"Feature","properties":{"circuito":null,"SISTEMA":"STE Trolebús","NOMBRE":"Ferrocarril Central","TIPO":"Intermedia","LINEA":"04","ALCALDIAS":"Azcapotzalco","Ramp_s_rue":"Sí"},"geometry":{"type":"Point","coordinates":[-99.163850723972502,19.472095933630527,0.0]}},
{"type":"Feature","properties":{"circuito":null,"SISTEMA":"STE Trolebús","NOMBRE":"Av. Ceylán","TIPO":"Intermedia","LINEA":"04","ALCALDIAS":"Azcapotzalco","Ramp_s_rue":"Sí"},"geometry":{"type":"Point","coordinates":[-99.161592232921848,19.472817171564827,0.0]}},
{"type":"Feature","properties":{"circuito":null,"SISTEMA":"STE Trolebús","NOMBRE":"Av. Jardín","TIPO":"Intermedia","LINEA":"04","ALCALDIAS":"Azcapotzalco","Ramp_s_rue":"Sí"},"geometry":{"type":"Point","coordinates":[-99.158152499215021,19.473534820243209,0.0]}},
{"type":"Feature","properties":{"circuito":null,"SISTEMA":"STE Trolebús","NOMBRE":"Calle 12","TIPO":"Intermedia","LINEA":"04","ALCALDIAS":"Azcapotzalco","Ramp_s_rue":"Sí"},"geometry":{"type":"Point","coordinates":[-99.154659261908279,19.473305417731904,0.0]}},
{"type":"Feature","properties":{"circuito":null,"SISTEMA":"STE Trolebús","NOMBRE":"Central Sur","TIPO":"Intermedia","LINEA":"04","ALCALDIAS":"Azcapotzalco","Ramp_s_rue":"Sí"},"geometry":{"type":"Point","coordinates":[-99.151480580371867,19.473041895484553,0.0]}},
{"type":"Feature","properties":{"circuito":null,"SISTEMA":"STE Trolebús","NOMBRE":"Calz. Vallejo","TIPO":"Intermedia","LINEA":"04","ALCALDIAS":"Azcapotzalco","Ramp_s_rue":"Sí"},"geometry":{"type":"Point","coordinates":[-99.14679178004738,19.473074038507491,0.0]}},
{"type":"Feature","properties":{"circuito":null,"SISTEMA":"STE Trolebús","NOMBRE":"Auer","TIPO":"Intermedia","LINEA":"04","ALCALDIAS":"Gustavo A. Madero","Ramp_s_rue":"Sí"},"geometry":{"type":"Point","coordinates":[-99.142070427993218,19.472200255891028,0.0]}},
{"type":"Feature","properties":{"circuito":null,"SISTEMA":"STE Trolebús","NOMBRE":"Real del Monte","TIPO":"Intermedia","LINEA":"04","ALCALDIAS":"Gustavo A. Madero","Ramp_s_rue":"Sí"},"geometry":{"type":"Point","coordinates":[-99.132217629317907,19.469966144609952,0.0]}},
{"type":"Feature","properties":{"circuito":null,"SISTEMA":"STE Trolebús","NOMBRE":"Buen Tono","TIPO":"Intermedia","LINEA":"04","ALCALDIAS":"Gustavo A. Madero","Ramp_s_rue":"Sí"},"geometry":{"type":"Point","coordinates":[-99.128691750390189,19.469082999100117,0.0]}},
{"type":"Feature","properties":{"circuito":null,"SISTEMA":"STE Trolebús","NOMBRE":"Calzada de Los Misterios","TIPO":"Transbordo","LINEA":"04","ALCALDIAS":"Gustavo A. Madero","Ramp_s_rue":"Sí"},"geometry":{"type":"Point","coordinates":[-99.125264592358263,19.468263176569359,0.0]}},
{"type":"Feature","properties":{"circuito":null,"SISTEMA":"STE Trolebús","NOMBRE":"Calzada de Guadalupe","TIPO":"Transbordo","LINEA":"04","ALCALDIAS":"Gustavo A. Madero","Ramp_s_rue":"Sí"},"geometry":{"type":"Point","coordinates":[-99.12412313739064,19.467879258378975,0.0]}},
{"type":"Feature","properties":{"circuito":null,"SISTEMA":"STE Trolebús","NOMBRE":"Graciela","TIPO":"Intermedia","LINEA":"04","ALCALDIAS":"Gustavo A. Madero","Ramp_s_rue":"Sí"},"geometry":{"type":"Point","coordinates":[-99.120683400477617,19.466679253765193,0.0]}},
{"type":"Feature","properties":{"circuito":null,"SISTEMA":"STE Trolebús","NOMBRE":"F. C. Hidalgo","TIPO":"Intermedia","LINEA":"04","ALCALDIAS":"Gustavo A. Madero","Ramp_s_rue":"Sí"},"geometry":{"type":"Point","coordinates":[-99.118736218660274,19.465999905478128,0.0]}},
{"type":"Feature","properties":{"circuito":null,"SISTEMA":"STE Trolebús","NOMBRE":"Norte 54-A","TIPO":"Intermedia","LINEA":"04","ALCALDIAS":"Gustavo A. Madero","Ramp_s_rue":"Sí"},"geometry":{"type":"Point","coordinates":[-99.115804991508497,19.464983358306746,0.0]}},
{"type":"Feature","properties":{"circuito":null,"SISTEMA":"STE Trolebús","NOMBRE":"Congreso de la Unión","TIPO":"Intermedia","LINEA":"04","ALCALDIAS":"Gustavo A. Madero","Ramp_s_rue":"Sí"},"geometry":{"type":"Point","coordinates":[-99.112613222250857,19.463865549481206,0.0]}},
{"type":"Feature","properties":{"circuito":null,"SISTEMA":"STE Trolebús","NOMBRE":"Norte 66-A","TIPO":"Intermedia","LINEA":"04","ALCALDIAS":"Gustavo A. Madero","Ramp_s_rue":"Sí"},"geometry":{"type":"Point","coordinates":[-99.109912083581435,19.46292024798128,0.0]}},
{"type":"Feature","properties":{"circuito":null,"SISTEMA":"STE Trolebús","NOMBRE":"Norte 72-A","TIPO":"Intermedia","LINEA":"04","ALCALDIAS":"Gustavo A. Madero","Ramp_s_rue":"Sí"},"geometry":{"type":"Point","coordinates":[-99.107890012361437,19.462212993417591,0.0]}},
{"type":"Feature","properties":{"circuito":null,"SISTEMA":"STE Trolebús","NOMBRE":"Eduardo Molina","TIPO":"Intermedia","LINEA":"04","ALCALDIAS":"Gustavo A. Madero","Ramp_s_rue":"Sí"},"geometry":{"type":"Point","coordinates":[-99.105772093769517,19.461472183700664,0.0]}},
{"type":"Feature","properties":{"circuito":null,"SISTEMA":"STE Trolebús","NOMBRE":"Norte 84","TIPO":"Intermedia","LINEA":"04","ALCALDIAS":"Gustavo A. Madero","Ramp_s_rue":"Sí"},"geometry":{"type":"Point","coordinates":[-99.102733563115265,19.460412359002369,0.0]}},
{"type":"Feature","properties":{"circuito":null,"SISTEMA":"STE Trolebús","NOMBRE":"Norte 92","TIPO":"Intermedia","LINEA":"04","ALCALDIAS":"Gustavo A. Madero","Ramp_s_rue":"Sí"},"geometry":{"type":"Point","coordinates":[-99.099913931104027,19.459417633717056,0.0]}},
{"type":"Feature","properties":{"circuito":null,"SISTEMA":"STE Trolebús","NOMBRE":"Av. 503","TIPO":"Intermedia","LINEA":"04","ALCALDIAS":"Gustavo A. Madero","Ramp_s_rue":"Sí"},"geometry":{"type":"Point","coordinates":[-99.096955510123777,19.457457405633519,0.0]}},
{"type":"Feature","properties":{"circuito":null,"SISTEMA":"STE Trolebús","NOMBRE":"Calle 509","TIPO":"Intermedia","LINEA":"04","ALCALDIAS":"Gustavo A. Madero","Ramp_s_rue":"Sí"},"geometry":{"type":"Point","coordinates":[-99.096309032132467,19.454295802163742,0.0]}},
{"type":"Feature","properties":{"circuito":null,"SISTEMA":"STE Trolebús","NOMBRE":"Pekín","TIPO":"Intermedia","LINEA":"04","ALCALDIAS":"Venustiano Carranza","Ramp_s_rue":"Sí"},"geometry":{"type":"Point","coordinates":[-99.091322496137039,19.44972298244047,0.0]}},
{"type":"Feature","properties":{"circuito":null,"SISTEMA":"STE Trolebús","NOMBRE":"Formosa","TIPO":"Intermedia","LINEA":"04","ALCALDIAS":"Venustiano Carranza","Ramp_s_rue":"Sí"},"geometry":{"type":"Point","coordinates":[-99.088446084721411,19.44703141458649,0.0]}},
{"type":"Feature","properties":{"circuito":null,"SISTEMA":"STE Trolebús","NOMBRE":"Oceania","TIPO":"Intermedia","LINEA":"04","ALCALDIAS":"Venustiano Carranza","Ramp_s_rue":"Sí"},"geometry":{"type":"Point","coordinates":[-99.086974486847481,19.444793938770943,0.0]}},
{"type":"Feature","properties":{"circuito":null,"SISTEMA":"STE Trolebús","NOMBRE":"Transvaal","TIPO":"Intermedia","LINEA":"04","ALCALDIAS":"Venustiano Carranza","Ramp_s_rue":"Sí"},"geometry":{"type":"Point","coordinates":[-99.088051819759272,19.442915661281202,0.0]}},
{"type":"Feature","properties":{"circuito":null,"SISTEMA":"STE Trolebús","NOMBRE":"Persia","TIPO":"Intermedia","LINEA":"04","ALCALDIAS":"Venustiano Carranza","Ramp_s_rue":"Sí"},"geometry":{"type":"Point","coordinates":[-99.08909861928565,19.441177811493748,0.0]}},
{"type":"Feature","properties":{"circuito":null,"SISTEMA":"STE Trolebús","NOMBRE":"Av. del Peñón","TIPO":"Intermedia","LINEA":"04","ALCALDIAS":"Venustiano Carranza","Ramp_s_rue":"Sí"},"geometry":{"type":"Point","coordinates":[-99.08994287170583,19.439776189902325,0.0]}},
{"type":"Feature","properties":{"circuito":null,"SISTEMA":"STE Trolebús","NOMBRE":"Norte 37","TIPO":"Intermedia","LINEA":"04","ALCALDIAS":"Venustiano Carranza","Ramp_s_rue":"Sí"},"geometry":{"type":"Point","coordinates":[-99.091703393830059,19.436603360149082,0.0]}},
{"type":"Feature","properties":{"circuito":null,"SISTEMA":"STE Trolebús","NOMBRE":"Norte 33","TIPO":"Intermedia","LINEA":"04","ALCALDIAS":"Venustiano Carranza","Ramp_s_rue":"Sí"},"geometry":{"type":"Point","coordinates":[-99.092511093987397,19.435146901748183,0.0]}},
{"type":"Feature","properties":{"circuito":null,"SISTEMA":"STE Trolebús","NOMBRE":"Norte 25  I","TIPO":"Intermedia","LINEA":"04","ALCALDIAS":"Venustiano Carranza","Ramp_s_rue":"Sí"},"geometry":{"type":"Point","coordinates":[-99.09397019239384,19.432515755964104,0.0]}},
{"type":"Feature","properties":{"circuito":null,"SISTEMA":"STE Trolebús","NOMBRE":"Norte 25  II","TIPO":"Intermedia","LINEA":"04","ALCALDIAS":"Venustiano Carranza","Ramp_s_rue":"Sí"},"geometry":{"type":"Point","coordinates":[-99.094604559312074,19.431373112438074,0.0]}},
{"type":"Feature","properties":{"circuito":null,"SISTEMA":"STE Trolebús","NOMBRE":"Norte 21","TIPO":"Intermedia","LINEA":"04","ALCALDIAS":"Venustiano Carranza","Ramp_s_rue":"Sí"},"geometry":{"type":"Point","coordinates":[-99.095190360581228,19.430318022043142,0.0]}},
{"type":"Feature","properties":{"circuito":null,"SISTEMA":"STE Trolebús","NOMBRE":"Norte 17","TIPO":"Intermedia","LINEA":"04","ALCALDIAS":"Venustiano Carranza","Ramp_s_rue":"Sí"},"geometry":{"type":"Point","coordinates":[-99.095985498838687,19.428885868564407,0.0]}},
{"type":"Feature","properties":{"circuito":null,"SISTEMA":"STE Trolebús","NOMBRE":"Norte 13","TIPO":"Intermedia","LINEA":"04","ALCALDIAS":"Venustiano Carranza","Ramp_s_rue":"Sí"},"geometry":{"type":"Point","coordinates":[-99.096805650771415,19.427473543209569,0.0]}},
{"type":"Feature","properties":{"circuito":null,"SISTEMA":"STE Trolebús","NOMBRE":"Oriente 180","TIPO":"Intermedia","LINEA":"04","ALCALDIAS":"Venustiano Carranza","Ramp_s_rue":"Sí"},"geometry":{"type":"Point","coordinates":[-99.094979641770308,19.426329056205098,0.0]}},
{"type":"Feature","properties":{"circuito":null,"SISTEMA":"STE Trolebús","NOMBRE":"Blvd. Puerto Aéreo","TIPO":"Intermedia","LINEA":"04","ALCALDIAS":"Venustiano Carranza","Ramp_s_rue":"Sí"},"geometry":{"type":"Point","coordinates":[-99.093534730893879,19.425609078704223,0.0]}},
{"type":"Feature","properties":{"circuito":null,"SISTEMA":"STE Trolebús","NOMBRE":"Clinica 14 IMSS","TIPO":"Intermedia","LINEA":"04","ALCALDIAS":"Venustiano Carranza","Ramp_s_rue":"Sí"},"geometry":{"type":"Point","coordinates":[-99.094882930464991,19.422917135094121,0.0]}},
{"type":"Feature","properties":{"circuito":null,"SISTEMA":"STE Trolebús","NOMBRE":"Plaza Aeropuerto","TIPO":"Intermedia","LINEA":"04","ALCALDIAS":"Venustiano Carranza","Ramp_s_rue":"Sí"},"geometry":{"type":"Point","coordinates":[-99.096087068050323,19.420744406592728,0.0]}},
{"type":"Feature","properties":{"circuito":null,"SISTEMA":"STE Trolebús","NOMBRE":"Metro Blvd. Puerto Aéreo","TIPO":"Terminal","LINEA":"04","ALCALDIAS":"Venustiano Carranza","Ramp_s_rue":"Sí"},"geometry":{"type":"Point","coordinates":[-99.09556667803183,19.420970926221226,0.0]}},
{"type":"Feature","properties":{"circuito":null,"SISTEMA":"STE Trolebús","NOMBRE":"Norte 13","TIPO":"Intermedia","LINEA":"04","ALCALDIAS":"Venustiano Carranza","Ramp_s_rue":"Sí"},"geometry":{"type":"Point","coordinates":[-99.093197549089879,19.425285129564895,0.0]}},
{"type":"Feature","properties":{"circuito":null,"SISTEMA":"STE Trolebús","NOMBRE":"Norte 25","TIPO":"Intermedia","LINEA":"04","ALCALDIAS":"Venustiano Carranza","Ramp_s_rue":"Sí"},"geometry":{"type":"Point","coordinates":[-99.090668902228103,19.4297755529455,0.0]}},
{"type":"Feature","properties":{"circuito":null,"SISTEMA":"STE Trolebús","NOMBRE":"Terminal Aérea","TIPO":"Intermedia","LINEA":"04","ALCALDIAS":"Venustiano Carranza","Ramp_s_rue":"Sí"},"geometry":{"type":"Point","coordinates":[-99.088212867341312,19.433909531757024,0.0]}},
{"type":"Feature","properties":{"circuito":null,"SISTEMA":"STE Trolebús","NOMBRE":"Av. del Peñón","TIPO":"Intermedia","LINEA":"04","ALCALDIAS":"Venustiano Carranza","Ramp_s_rue":"Sí"},"geometry":{"type":"Point","coordinates":[-99.086198765301418,19.437209858080159,0.0]}},
{"type":"Feature","properties":{"circuito":null,"SISTEMA":"STE Trolebús","NOMBRE":"Morelos","TIPO":"Intermedia","LINEA":"04","ALCALDIAS":"Venustiano Carranza","Ramp_s_rue":"Sí"},"geometry":{"type":"Point","coordinates":[-99.085488032348493,19.439872514058589,0.0]}},
{"type":"Feature","properties":{"circuito":null,"SISTEMA":"STE Trolebús","NOMBRE":"Oceanía","TIPO":"Intermedia","LINEA":"04","ALCALDIAS":"Venustiano Carranza","Ramp_s_rue":"Sí"},"geometry":{"type":"Point","coordinates":[-99.086601853370709,19.444975020864511,0.0]}},
{"type":"Feature","properties":{"circuito":null,"SISTEMA":"STE Trolebús","NOMBRE":"Calle 549","TIPO":"Intermedia","LINEA":"04","ALCALDIAS":"Gustavo A. Madero","Ramp_s_rue":"Sí"},"geometry":{"type":"Point","coordinates":[-99.088550116130733,19.447713298187413,0.0]}},
{"type":"Feature","properties":{"circuito":null,"SISTEMA":"STE Trolebús","NOMBRE":"Av. 535","TIPO":"Intermedia","LINEA":"04","ALCALDIAS":"Gustavo A. Madero","Ramp_s_rue":"Sí"},"geometry":{"type":"Point","coordinates":[-99.091337701692112,19.450268624453994,0.0]}},
{"type":"Feature","properties":{"circuito":null,"SISTEMA":"STE Trolebús","NOMBRE":"Calle 525","TIPO":"Intermedia","LINEA":"04","ALCALDIAS":"Gustavo A. Madero","Ramp_s_rue":"Sí"},"geometry":{"type":"Point","coordinates":[-99.093347466905939,19.452168079660431,0.0]}},
{"type":"Feature","properties":{"circuito":null,"SISTEMA":"STE Trolebús","NOMBRE":"Calle 509","TIPO":"Intermedia","LINEA":"04","ALCALDIAS":"Gustavo A. Madero","Ramp_s_rue":"Sí"},"geometry":{"type":"Point","coordinates":[-99.096106798224426,19.454593502211349,0.0]}},
{"type":"Feature","properties":{"circuito":null,"SISTEMA":"STE Trolebús","NOMBRE":"Av. 506","TIPO":"Intermedia","LINEA":"04","ALCALDIAS":"Gustavo A. Madero","Ramp_s_rue":"Sí"},"geometry":{"type":"Point","coordinates":[-99.096377289199822,19.458092016832644,0.0]}},
{"type":"Feature","properties":{"circuito":null,"SISTEMA":"STE Trolebús","NOMBRE":"3a Cda. Av. 503","TIPO":"Intermedia","LINEA":"04","ALCALDIAS":"Gustavo A. Madero","Ramp_s_rue":"Sí"},"geometry":{"type":"Point","coordinates":[-99.095679051844627,19.459957340840106,0.0]}},
{"type":"Feature","properties":{"circuito":null,"SISTEMA":"STE Trolebús","NOMBRE":"Deportivo Francisco Zarco","TIPO":"Intermedia","LINEA":"04","ALCALDIAS":"Gustavo A. Madero","Ramp_s_rue":"Sí"},"geometry":{"type":"Point","coordinates":[-99.096087538937084,19.459606429624266,0.0]}},
{"type":"Feature","properties":{"circuito":null,"SISTEMA":"STE Trolebús","NOMBRE":"Norte 92","TIPO":"Intermedia","LINEA":"04","ALCALDIAS":"Gustavo A. Madero","Ramp_s_rue":"Sí"},"geometry":{"type":"Point","coordinates":[-99.099492801545864,19.459425854663763,0.0]}},
{"type":"Feature","properties":{"circuito":null,"SISTEMA":"STE Trolebús","NOMBRE":"Norte 84-A","TIPO":"Intermedia","LINEA":"04","ALCALDIAS":"Gustavo A. Madero","Ramp_s_rue":"Sí"},"geometry":{"type":"Point","coordinates":[-99.101970821757106,19.460306729636617,0.0]}},
{"type":"Feature","properties":{"circuito":null,"SISTEMA":"STE Trolebús","NOMBRE":"Eduardo Molina","TIPO":"Intermedia","LINEA":"04","ALCALDIAS":"Gustavo A. Madero","Ramp_s_rue":"Sí"},"geometry":{"type":"Point","coordinates":[-99.104901489356962,19.461341580149412,0.0]}},
{"type":"Feature","properties":{"circuito":null,"SISTEMA":"STE Trolebús","NOMBRE":"Norte 72-A","TIPO":"Intermedia","LINEA":"04","ALCALDIAS":"Gustavo A. Madero","Ramp_s_rue":"Sí"},"geometry":{"type":"Point","coordinates":[-99.107382210798093,19.462239050374141,0.0]}},
{"type":"Feature","properties":{"circuito":null,"SISTEMA":"STE Trolebús","NOMBRE":"Norte 70","TIPO":"Intermedia","LINEA":"04","ALCALDIAS":"Gustavo A. Madero","Ramp_s_rue":"Sí"},"geometry":{"type":"Point","coordinates":[-99.108741620138687,19.462714909662441,0.0]}},
{"type":"Feature","properties":{"circuito":null,"SISTEMA":"STE Trolebús","NOMBRE":"Congreso de la Unión","TIPO":"Intermedia","LINEA":"04","ALCALDIAS":"Gustavo A. Madero","Ramp_s_rue":"Sí"},"geometry":{"type":"Point","coordinates":[-99.111493204200386,19.463678057875008,0.0]}},
{"type":"Feature","properties":{"circuito":null,"SISTEMA":"STE Trolebús","NOMBRE":"Norte 58","TIPO":"Intermedia","LINEA":"04","ALCALDIAS":"Gustavo A. Madero","Ramp_s_rue":"Sí"},"geometry":{"type":"Point","coordinates":[-99.114096257184968,19.464589547910869,0.0]}},
{"type":"Feature","properties":{"circuito":null,"SISTEMA":"STE Trolebús","NOMBRE":"F. C. Hidalgo","TIPO":"Intermedia","LINEA":"04","ALCALDIAS":"Gustavo A. Madero","Ramp_s_rue":"Sí"},"geometry":{"type":"Point","coordinates":[-99.117379238650813,19.465739188857849,0.0]}},
{"type":"Feature","properties":{"circuito":null,"SISTEMA":"STE Trolebús","NOMBRE":"Graciela","TIPO":"Intermedia","LINEA":"04","ALCALDIAS":"Gustavo A. Madero","Ramp_s_rue":"Sí"},"geometry":{"type":"Point","coordinates":[-99.120279274130326,19.466752271027019,0.0]}},
{"type":"Feature","properties":{"circuito":null,"SISTEMA":"STE Trolebús","NOMBRE":"Calzada de Guadalupe","TIPO":"Intermedia","LINEA":"04","ALCALDIAS":"Gustavo A. Madero","Ramp_s_rue":"Sí"},"geometry":{"type":"Point","coordinates":[-99.123322807928616,19.467814577278855,0.0]}},
{"type":"Feature","properties":{"circuito":null,"SISTEMA":"STE Trolebús","NOMBRE":"Calzada de Los Misterios","TIPO":"Intermedia","LINEA":"04","ALCALDIAS":"Gustavo A. Madero","Ramp_s_rue":"Sí"},"geometry":{"type":"Point","coordinates":[-99.124746979152846,19.468311701550149,0.0]}},
{"type":"Feature","properties":{"circuito":null,"SISTEMA":"STE Trolebús","NOMBRE":"Buen Tono","TIPO":"Intermedia","LINEA":"04","ALCALDIAS":"Gustavo A. Madero","Ramp_s_rue":"Sí"},"geometry":{"type":"Point","coordinates":[-99.128201782677777,19.469165081369987,0.0]}},
{"type":"Feature","properties":{"circuito":null,"SISTEMA":"STE Trolebús","NOMBRE":"Real del Monte","TIPO":"Intermedia","LINEA":"04","ALCALDIAS":"Gustavo A. Madero","Ramp_s_rue":"Sí"},"geometry":{"type":"Point","coordinates":[-99.131666852115231,19.470009712962064,0.0]}},
{"type":"Feature","properties":{"circuito":null,"SISTEMA":"STE Trolebús","NOMBRE":"Norte 1-G","TIPO":"Intermedia","LINEA":"04","ALCALDIAS":"Gustavo A. Madero","Ramp_s_rue":"Sí"},"geometry":{"type":"Point","coordinates":[-99.141296625240372,19.472244042352344,0.0]}},
{"type":"Feature","properties":{"circuito":null,"SISTEMA":"STE Trolebús","NOMBRE":"Calz. Vallejo","TIPO":"Intermedia","LINEA":"04","ALCALDIAS":"Gustavo A. Madero","Ramp_s_rue":"Sí"},"geometry":{"type":"Point","coordinates":[-99.145070664302892,19.473114378023919,0.0]}},
{"type":"Feature","properties":{"circuito":null,"SISTEMA":"STE Trolebús","NOMBRE":"Calle 28","TIPO":"Intermedia","LINEA":"04","ALCALDIAS":"Azcapotzalco","Ramp_s_rue":"Sí"},"geometry":{"type":"Point","coordinates":[-99.147019300404921,19.473334851431332,0.0]}},
{"type":"Feature","properties":{"circuito":null,"SISTEMA":"STE Trolebús","NOMBRE":"Central Sur","TIPO":"Intermedia","LINEA":"04","ALCALDIAS":"Azcapotzalco","Ramp_s_rue":"Sí"},"geometry":{"type":"Point","coordinates":[-99.150694695415481,19.473236303637087,0.0]}},
{"type":"Feature","properties":{"circuito":null,"SISTEMA":"STE Trolebús","NOMBRE":"Calle 12","TIPO":"Intermedia","LINEA":"04","ALCALDIAS":"Azcapotzalco","Ramp_s_rue":"Sí"},"geometry":{"type":"Point","coordinates":[-99.154281066432603,19.473481226829254,0.0]}},
{"type":"Feature","properties":{"circuito":null,"SISTEMA":"STE Trolebús","NOMBRE":"Av. Jardín","TIPO":"Intermedia","LINEA":"04","ALCALDIAS":"Azcapotzalco","Ramp_s_rue":"Sí"},"geometry":{"type":"Point","coordinates":[-99.15852371273742,19.473767764383457,0.0]}},
{"type":"Feature","properties":{"circuito":null,"SISTEMA":"STE Trolebús","NOMBRE":"Av. Ceylán","TIPO":"Intermedia","LINEA":"04","ALCALDIAS":"Azcapotzalco","Ramp_s_rue":"Sí"},"geometry":{"type":"Point","coordinates":[-99.160879315070559,19.473275242519268,0.0]}},
{"type":"Feature","properties":{"circuito":null,"SISTEMA":"STE Trolebús","NOMBRE":"Cerdeña","TIPO":"Intermedia","LINEA":"04","ALCALDIAS":"Azcapotzalco","Ramp_s_rue":"Sí"},"geometry":{"type":"Point","coordinates":[-99.162917147469571,19.472624158426925,0.0]}},
{"type":"Feature","properties":{"circuito":null,"SISTEMA":"STE Trolebús","NOMBRE":"Plan de San Luis","TIPO":"Intermedia","LINEA":"04","ALCALDIAS":"Azcapotzalco","Ramp_s_rue":"Sí"},"geometry":{"type":"Point","coordinates":[-99.165616301781498,19.471752110699516,0.0]}},
{"type":"Feature","properties":{"circuito":null,"SISTEMA":"STE Trolebús","NOMBRE":"Av. Nueces","TIPO":"Intermedia","LINEA":"04","ALCALDIAS":"Azcapotzalco","Ramp_s_rue":"Sí"},"geometry":{"type":"Point","coordinates":[-99.169140899015517,19.470652646139168,0.0]}},
{"type":"Feature","properties":{"circuito":null,"SISTEMA":"STE Trolebús","NOMBRE":"Soriana Cuitláhuac","TIPO":"Intermedia","LINEA":"04","ALCALDIAS":"Azcapotzalco","Ramp_s_rue":"Sí"},"geometry":{"type":"Point","coordinates":[-99.171055081571296,19.470058322550404,0.0]}},
{"type":"Feature","properties":{"circuito":null,"SISTEMA":"STE Trolebús","NOMBRE":"Glorieta de Camarones","TIPO":"Intermedia","LINEA":"04","ALCALDIAS":"Azcapotzalco","Ramp_s_rue":"Sí"},"geometry":{"type":"Point","coordinates":[-99.175608486073997,19.46864334298078,0.0]}},
{"type":"Feature","properties":{"circuito":null,"SISTEMA":"STE Trolebús","NOMBRE":"Salónica","TIPO":"Intermedia","LINEA":"04","ALCALDIAS":"Azcapotzalco","Ramp_s_rue":"Sí"},"geometry":{"type":"Point","coordinates":[-99.178042512599447,19.470244945310856,0.0]}},
{"type":"Feature","properties":{"circuito":null,"SISTEMA":"STE Trolebús","NOMBRE":"Norte 87","TIPO":"Intermedia","LINEA":"04","ALCALDIAS":"Azcapotzalco","Ramp_s_rue":"Sí"},"geometry":{"type":"Point","coordinates":[-99.179293630044057,19.471625137432998,0.0]}},
{"type":"Feature","properties":{"circuito":null,"SISTEMA":"STE Trolebús","NOMBRE":"2a Cda. de Tula","TIPO":"Intermedia","LINEA":"04","ALCALDIAS":"Azcapotzalco","Ramp_s_rue":"Sí"},"geometry":{"type":"Point","coordinates":[-99.181287569237398,19.473944567755751,0.0]}},
{"type":"Feature","properties":{"circuito":null,"SISTEMA":"STE Trolebús","NOMBRE":"22 de Febrero","TIPO":"Intermedia","LINEA":"04","ALCALDIAS":"Azcapotzalco","Ramp_s_rue":"Sí"},"geometry":{"type":"Point","coordinates":[-99.184216940186872,19.477361842255409,0.0]}},
{"type":"Feature","properties":{"circuito":null,"SISTEMA":"STE Trolebús","NOMBRE":"Minerva","TIPO":"Intermedia","LINEA":"04","ALCALDIAS":"Azcapotzalco","Ramp_s_rue":"Sí"},"geometry":{"type":"Point","coordinates":[-99.183530465252758,19.481191443290598,0.0]}},
{"type":"Feature","properties":{"circuito":null,"SISTEMA":"STE Trolebús","NOMBRE":"Nueva Jerusalén","TIPO":"Intermedia","LINEA":"04","ALCALDIAS":"Azcapotzalco","Ramp_s_rue":"Sí"},"geometry":{"type":"Point","coordinates":[-99.183082225229725,19.482879664324805,0.0]}},
{"type":"Feature","properties":{"circuito":null,"SISTEMA":"STE Trolebús","NOMBRE":"Ahuacatitla","TIPO":"Intermedia","LINEA":"04","ALCALDIAS":"Azcapotzalco","Ramp_s_rue":"Sí"},"geometry":{"type":"Point","coordinates":[-99.183850973652,19.484263185875967,0.0]}},
{"type":"Feature","properties":{"circuito":null,"SISTEMA":"STE Trolebús","NOMBRE":"Zaragoza","TIPO":"Intermedia","LINEA":"04","ALCALDIAS":"Azcapotzalco","Ramp_s_rue":"Sí"},"geometry":{"type":"Point","coordinates":[-99.186418521593112,19.48455929009025,0.0]}},
{"type":"Feature","properties":{"circuito":null,"SISTEMA":"STE Trolebús","NOMBRE":"Andalucía","TIPO":"Intermedia","LINEA":"04","ALCALDIAS":"Azcapotzalco","Ramp_s_rue":"Sí"},"geometry":{"type":"Point","coordinates":[-99.188679697856287,19.485011760784218,0.0]}},
{"type":"Feature","properties":{"circuito":null,"SISTEMA":"STE Trolebús","NOMBRE":"FF.CC. Nacionales","TIPO":"Intermedia","LINEA":"04","ALCALDIAS":"Azcapotzalco","Ramp_s_rue":"Sí"},"geometry":{"type":"Point","coordinates":[-99.189522150307297,19.485648385123344,0.0]}},
{"type":"Feature","properties":{"circuito":null,"SISTEMA":"STE Trolebús","NOMBRE":"Santo Domingo","TIPO":"Intermedia","LINEA":"04","ALCALDIAS":"Azcapotzalco","Ramp_s_rue":"Sí"},"geometry":{"type":"Point","coordinates":[-99.191826025581037,19.487680521431511,0.0]}},
{"type":"Feature","properties":{"circuito":null,"SISTEMA":"STE Trolebús","NOMBRE":"16 de Septiembre","TIPO":"Intermedia","LINEA":"04","ALCALDIAS":"Azcapotzalco","Ramp_s_rue":"Sí"},"geometry":{"type":"Point","coordinates":[-99.194307569671892,19.489777799075767,0.0]}},
{"type":"Feature","properties":{"circuito":null,"SISTEMA":"STE Trolebús","NOMBRE":"Aquiles Serdán","TIPO":"Intermedia","LINEA":"04","ALCALDIAS":"Azcapotzalco","Ramp_s_rue":"Sí"},"geometry":{"type":"Point","coordinates":[-99.195241891272445,19.490866721668553,0.0]}},
{"type":"Feature","properties":{"circuito":null,"SISTEMA":"STE Trolebús","NOMBRE":"Sauces","TIPO":"Intermedia","LINEA":"04","ALCALDIAS":"Azcapotzalco","Ramp_s_rue":"Sí"},"geometry":{"type":"Point","coordinates":[-99.196647615400224,19.492697684661707,0.0]}},
{"type":"Feature","properties":{"circuito":null,"SISTEMA":"STE Trolebús","NOMBRE":"Ahuehuetes","TIPO":"Intermedia","LINEA":"04","ALCALDIAS":"Azcapotzalco","Ramp_s_rue":"Sí"},"geometry":{"type":"Point","coordinates":[-99.198531007991079,19.495594116570071,0.0]}},
{"type":"Feature","properties":{"circuito":null,"SISTEMA":"STE Trolebús","NOMBRE":"Tierra Indómita","TIPO":"Intermedia","LINEA":"04","ALCALDIAS":"Azcapotzalco","Ramp_s_rue":"Sí"},"geometry":{"type":"Point","coordinates":[-99.200619693533355,19.497915982726049,0.0]}},
{"type":"Feature","properties":{"circuito":null,"SISTEMA":"STE Trolebús","NOMBRE":"C.C.H. Azcapotzalco","TIPO":"Intermedia","LINEA":"04","ALCALDIAS":"Azcapotzalco","Ramp_s_rue":"Sí"},"geometry":{"type":"Point","coordinates":[-99.20173343678529,19.498980373859215,0.0]}},
{"type":"Feature","properties":{"circuito":null,"SISTEMA":"STE Trolebús","NOMBRE":"Tierra Nueva","TIPO":"Intermedia","LINEA":"04","ALCALDIAS":"Azcapotzalco","Ramp_s_rue":"Sí"},"geometry":{"type":"Point","coordinates":[-99.203215267029677,19.500478364848483,0.0]}},
{"type":"Feature","properties":{"circuito":null,"SISTEMA":"STE Trolebús","NOMBRE":"Av. del Rosario","TIPO":"Terminal","LINEA":"04","ALCALDIAS":"Azcapotzalco","Ramp_s_rue":"Sí"},"geometry":{"type":"Point","coordinates":[-99.204387535557373,19.501821933387443,0.0]}},
{"type":"Feature","properties":{"circuito":null,"SISTEMA":"STE Trolebús","NOMBRE":"Soriana El Rosario","TIPO":"Intermedia","LINEA":"04","ALCALDIAS":"Azcapotzalco","Ramp_s_rue":"Sí"},"geometry":{"type":"Point","coordinates":[-99.20524429187823,19.503054972093519,0.0]}},
{"type":"Feature","properties":{"circuito":null,"SISTEMA":"STE Trolebús","NOMBRE":"Osa Mayor","TIPO":"Intermedia","LINEA":"04","ALCALDIAS":"Azcapotzalco","Ramp_s_rue":"Sí"},"geometry":{"type":"Point","coordinates":[-99.206555858555518,19.504827837736801,0.0]}},
{"type":"Feature","properties":{"circuito":null,"SISTEMA":"STE Trolebús","NOMBRE":"Renacimiento","TIPO":"Intermedia","LINEA":"04","ALCALDIAS":"Azcapotzalco","Ramp_s_rue":"Sí"},"geometry":{"type":"Point","coordinates":[-99.207951607192015,19.506084789504797,0.0]}},
{"type":"Feature","properties":{"circuito":null,"SISTEMA":"STE Trolebús","NOMBRE":"Alfareros","TIPO":"Intermedia","LINEA":"04","ALCALDIAS":"Azcapotzalco","Ramp_s_rue":"Sí"},"geometry":{"type":"Point","coordinates":[-99.20829608441457,19.508080734482967,0.0]}},
{"type":"Feature","properties":{"circuito":null,"SISTEMA":"STE Trolebús","NOMBRE":"Cultura Náhuatl","TIPO":"Intermedia","LINEA":"04","ALCALDIAS":"Azcapotzalco","Ramp_s_rue":"Sí"},"geometry":{"type":"Point","coordinates":[-99.205765404822074,19.508596620548975,0.0]}},
{"type":"Feature","properties":{"circuito":null,"SISTEMA":"STE Trolebús","NOMBRE":"Hidrógeno","TIPO":"Intermedia","LINEA":"04","ALCALDIAS":"Azcapotzalco","Ramp_s_rue":"Sí"},"geometry":{"type":"Point","coordinates":[-99.2021537183237,19.510176353079355,0.0]}},
{"type":"Feature","properties":{"circuito":null,"SISTEMA":"STE Trolebús","NOMBRE":"Carbono","TIPO":"Intermedia","LINEA":"04","ALCALDIAS":"Azcapotzalco","Ramp_s_rue":"Sí"},"geometry":{"type":"Point","coordinates":[-99.199623177527641,19.511143497205907,0.0]}},
{"type":"Feature","properties":{"circuito":null,"SISTEMA":"STE Trolebús","NOMBRE":"Bachilleres 1","TIPO":"Intermedia","LINEA":"04","ALCALDIAS":"Azcapotzalco","Ramp_s_rue":"Sí"},"geometry":{"type":"Point","coordinates":[-99.197563614052243,19.511447366373783,0.0]}},
{"type":"Feature","properties":{"circuito":null,"SISTEMA":"STE Trolebús","NOMBRE":"Aztacalco","TIPO":"Intermedia","LINEA":"04","ALCALDIAS":"Azcapotzalco","Ramp_s_rue":"Sí"},"geometry":{"type":"Point","coordinates":[-99.197833876001027,19.5085850972599,0.0]}},
{"type":"Feature","properties":{"circuito":null,"SISTEMA":"STE Trolebús","NOMBRE":"Depósito El Rosario","TIPO":"Intermedia","LINEA":"04","ALCALDIAS":"Azcapotzalco","Ramp_s_rue":"Sí"},"geometry":{"type":"Point","coordinates":[-99.198308513341928,19.505689090852616,0.0]}},
{"type":"Feature","properties":{"circuito":null,"SISTEMA":"STE Trolebús","NOMBRE":"Av. de los Ángeles","TIPO":"Intermedia","LINEA":"04","ALCALDIAS":"Azcapotzalco","Ramp_s_rue":"Sí"},"geometry":{"type":"Point","coordinates":[-99.197775367076275,19.501956733620268,0.0]}},
{"type":"Feature","properties":{"circuito":null,"SISTEMA":"STE Trolebús","NOMBRE":"Tierra Negra","TIPO":"Intermedia","LINEA":"04","ALCALDIAS":"Azcapotzalco","Ramp_s_rue":"Sí"},"geometry":{"type":"Point","coordinates":[-99.199177734869522,19.500592336039443,0.0]}},
{"type":"Feature","properties":{"circuito":null,"SISTEMA":"STE Trolebús","NOMBRE":"Chapultepec","TIPO":"Terminal / Transbordo","LINEA":"06","ALCALDIAS":"Cuauhtémoc","Ramp_s_rue":"Sí"},"geometry":{"type":"Point","coordinates":[-99.175489881970009,19.421106786396805,0.0]}},
{"type":"Feature","properties":{"circuito":null,"SISTEMA":"STE Trolebús","NOMBRE":"Victor Hugo","TIPO":"Intermedia","LINEA":"06","ALCALDIAS":"Miguel Hidalgo","Ramp_s_rue":"Sí"},"geometry":{"type":"Point","coordinates":[-99.177540146954641,19.427123068101555,0.0]}},
{"type":"Feature","properties":{"circuito":null,"SISTEMA":"STE Trolebús","NOMBRE":"Mariano Escobedo","TIPO":"Intermedia","LINEA":"06","ALCALDIAS":"Miguel Hidalgo","Ramp_s_rue":"Sí"},"geometry":{"type":"Point","coordinates":[-99.179019276655239,19.426817221223313,0.0]}},
{"type":"Feature","properties":{"circuito":null,"SISTEMA":"STE Trolebús","NOMBRE":"Campos Elíseos","TIPO":"Intermedia","LINEA":"06","ALCALDIAS":"Miguel Hidalgo","Ramp_s_rue":"Sí"},"geometry":{"type":"Point","coordinates":[-99.179870047169416,19.428531238736912,0.0]}},
{"type":"Feature","properties":{"circuito":null,"SISTEMA":"STE Trolebús","NOMBRE":"Av. Presidente Mazarik","TIPO":"Intermedia","LINEA":"06","ALCALDIAS":"Miguel Hidalgo","Ramp_s_rue":"Sí"},"geometry":{"type":"Point","coordinates":[-99.180777935608063,19.430877135628116,0.0]}},
{"type":"Feature","properties":{"circuito":null,"SISTEMA":"STE Trolebús","NOMBRE":"Horacio","TIPO":"Intermedia","LINEA":"06","ALCALDIAS":"Miguel Hidalgo","Ramp_s_rue":"Sí"},"geometry":{"type":"Point","coordinates":[-99.181519770896244,19.432669607512189,0.0]}},
{"type":"Feature","properties":{"circuito":null,"SISTEMA":"STE Trolebús","NOMBRE":"Homero","TIPO":"Intermedia","LINEA":"06","ALCALDIAS":"Miguel Hidalgo","Ramp_s_rue":"Sí"},"geometry":{"type":"Point","coordinates":[-99.182361678787061,19.434828413755564,0.0]}},
{"type":"Feature","properties":{"circuito":null,"SISTEMA":"STE Trolebús","NOMBRE":"Newton","TIPO":"Intermedia","LINEA":"06","ALCALDIAS":"Miguel Hidalgo","Ramp_s_rue":"Sí"},"geometry":{"type":"Point","coordinates":[-99.183195913709667,19.436973156960061,0.0]}},
{"type":"Feature","properties":{"circuito":null,"SISTEMA":"STE Trolebús","NOMBRE":"Lago Alberto","TIPO":"Intermedia","LINEA":"06","ALCALDIAS":"Miguel Hidalgo","Ramp_s_rue":"Sí"},"geometry":{"type":"Point","coordinates":[-99.183399544820503,19.440276197503099,0.0]}},
{"type":"Feature","properties":{"circuito":null,"SISTEMA":"STE Trolebús","NOMBRE":"Laguna de Mayrán","TIPO":"Intermedia","LINEA":"06","ALCALDIAS":"Miguel Hidalgo","Ramp_s_rue":"Sí"},"geometry":{"type":"Point","coordinates":[-99.183249217971792,19.441303568308513,0.0]}},
{"type":"Feature","properties":{"circuito":null,"SISTEMA":"STE Trolebús","NOMBRE":"Laguna de Términos","TIPO":"Intermedia","LINEA":"06","ALCALDIAS":"Miguel Hidalgo","Ramp_s_rue":"Sí"},"geometry":{"type":"Point","coordinates":[-99.182968068605874,19.443224978253404,0.0]}},
{"type":"Feature","properties":{"circuito":null,"SISTEMA":"STE Trolebús","NOMBRE":"Lago Bolsena","TIPO":"Intermedia","LINEA":"06","ALCALDIAS":"Miguel Hidalgo","Ramp_s_rue":"Sí"},"geometry":{"type":"Point","coordinates":[-99.182658780618354,19.445338639497347,0.0]}},
{"type":"Feature","properties":{"circuito":null,"SISTEMA":"STE Trolebús","NOMBRE":"Av. Marina Nacional","TIPO":"Intermedia","LINEA":"06","ALCALDIAS":"Miguel Hidalgo","Ramp_s_rue":"Sí"},"geometry":{"type":"Point","coordinates":[-99.182323888560745,19.447627216972066,0.0]}},
{"type":"Feature","properties":{"circuito":null,"SISTEMA":"STE Trolebús","NOMBRE":"Lago Garda","TIPO":"Intermedia","LINEA":"06","ALCALDIAS":"Miguel Hidalgo","Ramp_s_rue":"Sí"},"geometry":{"type":"Point","coordinates":[-99.182099453952134,19.449160917474394,0.0]}},
{"type":"Feature","properties":{"circuito":null,"SISTEMA":"STE Trolebús","NOMBRE":"Felipe Carrillo Puerto","TIPO":"Intermedia","LINEA":"06","ALCALDIAS":"Miguel Hidalgo","Ramp_s_rue":"Sí"},"geometry":{"type":"Point","coordinates":[-99.181809012225216,19.450939983344973,0.0]}},
{"type":"Feature","properties":{"circuito":null,"SISTEMA":"STE Trolebús","NOMBRE":"Mar Cantábrico","TIPO":"Intermedia","LINEA":"06","ALCALDIAS":"Miguel Hidalgo","Ramp_s_rue":"Sí"},"geometry":{"type":"Point","coordinates":[-99.181468080274257,19.452992997382815,0.0]}},
{"type":"Feature","properties":{"circuito":null,"SISTEMA":"STE Trolebús","NOMBRE":"Calz. Mexico - Tacuba","TIPO":"Intermedia","LINEA":"06","ALCALDIAS":"Miguel Hidalgo","Ramp_s_rue":"Sí"},"geometry":{"type":"Point","coordinates":[-99.180650397929924,19.456023575161947,0.0]}},
{"type":"Feature","properties":{"circuito":null,"SISTEMA":"STE Trolebús","NOMBRE":"J. Sánchez Trujillo","TIPO":"Intermedia","LINEA":"06","ALCALDIAS":"Miguel Hidalgo","Ramp_s_rue":"Sí"},"geometry":{"type":"Point","coordinates":[-99.178863523082342,19.458707839418189,0.0]}},
{"type":"Feature","properties":{"circuito":null,"SISTEMA":"STE Trolebús","NOMBRE":"Poniente 44","TIPO":"Intermedia","LINEA":"06","ALCALDIAS":"Azcapotzalco","Ramp_s_rue":"Sí"},"geometry":{"type":"Point","coordinates":[-99.177780784803346,19.460497776951623,0.0]}},
{"type":"Feature","properties":{"circuito":null,"SISTEMA":"STE Trolebús","NOMBRE":"Poniente 48","TIPO":"Intermedia","LINEA":"06","ALCALDIAS":"Azcapotzalco","Ramp_s_rue":"Sí"},"geometry":{"type":"Point","coordinates":[-99.177620930805332,19.461788855586178,0.0]}},
{"type":"Feature","properties":{"circuito":null,"SISTEMA":"STE Trolebús","NOMBRE":"Clavería","TIPO":"Intermedia","LINEA":"06","ALCALDIAS":"Azcapotzalco","Ramp_s_rue":"Sí"},"geometry":{"type":"Point","coordinates":[-99.17735732511612,19.464707251140347,0.0]}},
{"type":"Feature","properties":{"circuito":null,"SISTEMA":"STE Trolebús","NOMBRE":"Poniente 62","TIPO":"Intermedia","LINEA":"06","ALCALDIAS":"Azcapotzalco","Ramp_s_rue":"Sí"},"geometry":{"type":"Point","coordinates":[-99.177096055486629,19.466659323868054,0.0]}},
{"type":"Feature","properties":{"circuito":null,"SISTEMA":"STE Trolebús","NOMBRE":"Glorieta de Camarones","TIPO":"Transbordo","LINEA":"06","ALCALDIAS":"Azcapotzalco","Ramp_s_rue":"Sí"},"geometry":{"type":"Point","coordinates":[-99.176604498956351,19.46755963947043,0.0]}},
{"type":"Feature","properties":{"circuito":null,"SISTEMA":"STE Trolebús","NOMBRE":"Salónica","TIPO":"Intermedia","LINEA":"06","ALCALDIAS":"Azcapotzalco","Ramp_s_rue":"Sí"},"geometry":{"type":"Point","coordinates":[-99.178042512599447,19.470244945310856,0.0]}},
{"type":"Feature","properties":{"circuito":null,"SISTEMA":"STE Trolebús","NOMBRE":"Norte 87","TIPO":"Intermedia","LINEA":"06","ALCALDIAS":"Azcapotzalco","Ramp_s_rue":"Sí"},"geometry":{"type":"Point","coordinates":[-99.179293630044057,19.471625137432998,0.0]}},
{"type":"Feature","properties":{"circuito":null,"SISTEMA":"STE Trolebús","NOMBRE":"2a Cda. de Tula","TIPO":"Intermedia","LINEA":"06","ALCALDIAS":"Azcapotzalco","Ramp_s_rue":"Sí"},"geometry":{"type":"Point","coordinates":[-99.181287569237398,19.473944567755751,0.0]}},
{"type":"Feature","properties":{"circuito":null,"SISTEMA":"STE Trolebús","NOMBRE":"22 de Febrero","TIPO":"Intermedia","LINEA":"06","ALCALDIAS":"Azcapotzalco","Ramp_s_rue":"Sí"},"geometry":{"type":"Point","coordinates":[-99.184216940186872,19.477361842255409,0.0]}},
{"type":"Feature","properties":{"circuito":null,"SISTEMA":"STE Trolebús","NOMBRE":"Minerva","TIPO":"Intermedia","LINEA":"06","ALCALDIAS":"Azcapotzalco","Ramp_s_rue":"Sí"},"geometry":{"type":"Point","coordinates":[-99.183530465252758,19.481191443290598,0.0]}},
{"type":"Feature","properties":{"circuito":null,"SISTEMA":"STE Trolebús","NOMBRE":"Nueva Jerusalén","TIPO":"Intermedia","LINEA":"06","ALCALDIAS":"Azcapotzalco","Ramp_s_rue":"Sí"},"geometry":{"type":"Point","coordinates":[-99.183082225229725,19.482879664324805,0.0]}},
{"type":"Feature","properties":{"circuito":null,"SISTEMA":"STE Trolebús","NOMBRE":"Ahuacatitla","TIPO":"Intermedia","LINEA":"06","ALCALDIAS":"Azcapotzalco","Ramp_s_rue":"Sí"},"geometry":{"type":"Point","coordinates":[-99.183850973652,19.484263185875967,0.0]}},
{"type":"Feature","properties":{"circuito":null,"SISTEMA":"STE Trolebús","NOMBRE":"Zaragoza","TIPO":"Intermedia","LINEA":"06","ALCALDIAS":"Azcapotzalco","Ramp_s_rue":"Sí"},"geometry":{"type":"Point","coordinates":[-99.186418521593112,19.48455929009025,0.0]}},
{"type":"Feature","properties":{"circuito":null,"SISTEMA":"STE Trolebús","NOMBRE":"Andalucía","TIPO":"Intermedia","LINEA":"06","ALCALDIAS":"Azcapotzalco","Ramp_s_rue":"Sí"},"geometry":{"type":"Point","coordinates":[-99.188679697856287,19.485011760784218,0.0]}},
{"type":"Feature","properties":{"circuito":null,"SISTEMA":"STE Trolebús","NOMBRE":"FF.CC. Nacionales","TIPO":"Intermedia","LINEA":"06","ALCALDIAS":"Azcapotzalco","Ramp_s_rue":"Sí"},"geometry":{"type":"Point","coordinates":[-99.189522150307297,19.485648385123344,0.0]}},
{"type":"Feature","properties":{"circuito":null,"SISTEMA":"STE Trolebús","NOMBRE":"Santo Domingo","TIPO":"Intermedia","LINEA":"06","ALCALDIAS":"Azcapotzalco","Ramp_s_rue":"Sí"},"geometry":{"type":"Point","coordinates":[-99.191826025581037,19.487680521431511,0.0]}},
{"type":"Feature","properties":{"circuito":null,"SISTEMA":"STE Trolebús","NOMBRE":"16 de Septiembre","TIPO":"Intermedia","LINEA":"06","ALCALDIAS":"Azcapotzalco","Ramp_s_rue":"Sí"},"geometry":{"type":"Point","coordinates":[-99.194307569671892,19.489777799075767,0.0]}},
{"type":"Feature","properties":{"circuito":null,"SISTEMA":"STE Trolebús","NOMBRE":"Metro Aquiles Serdán","TIPO":"Intermedia","LINEA":"06","ALCALDIAS":"Azcapotzalco","Ramp_s_rue":"Sí"},"geometry":{"type":"Point","coordinates":[-99.195241891272445,19.490866721668553,0.0]}},
{"type":"Feature","properties":{"circuito":null,"SISTEMA":"STE Trolebús","NOMBRE":"Sauces","TIPO":"Intermedia","LINEA":"06","ALCALDIAS":"Azcapotzalco","Ramp_s_rue":"Sí"},"geometry":{"type":"Point","coordinates":[-99.196647615400224,19.492697684661707,0.0]}},
{"type":"Feature","properties":{"circuito":null,"SISTEMA":"STE Trolebús","NOMBRE":"Ahuehuetes","TIPO":"Intermedia","LINEA":"06","ALCALDIAS":"Azcapotzalco","Ramp_s_rue":"Sí"},"geometry":{"type":"Point","coordinates":[-99.198531007991079,19.495594116570071,0.0]}},
{"type":"Feature","properties":{"circuito":null,"SISTEMA":"STE Trolebús","NOMBRE":"Tierra Indómita","TIPO":"Intermedia","LINEA":"06","ALCALDIAS":"Azcapotzalco","Ramp_s_rue":"Sí"},"geometry":{"type":"Point","coordinates":[-99.200619693533355,19.497915982726049,0.0]}},
{"type":"Feature","properties":{"circuito":null,"SISTEMA":"STE Trolebús","NOMBRE":"C.C.H. Azcapotzalco","TIPO":"Intermedia","LINEA":"06","ALCALDIAS":"Azcapotzalco","Ramp_s_rue":"Sí"},"geometry":{"type":"Point","coordinates":[-99.20173343678529,19.498980373859215,0.0]}},
{"type":"Feature","properties":{"circuito":null,"SISTEMA":"STE Trolebús","NOMBRE":"Tierra Nueva","TIPO":"Intermedia","LINEA":"06","ALCALDIAS":"Azcapotzalco","Ramp_s_rue":"Sí"},"geometry":{"type":"Point","coordinates":[-99.203215267029677,19.500478364848483,0.0]}},
{"type":"Feature","properties":{"circuito":null,"SISTEMA":"STE Trolebús","NOMBRE":"Av. del Rosario","TIPO":"Terminal","LINEA":"06","ALCALDIAS":"Azcapotzalco","Ramp_s_rue":"Sí"},"geometry":{"type":"Point","coordinates":[-99.204387535557373,19.501821933387443,0.0]}},
{"type":"Feature","properties":{"circuito":null,"SISTEMA":"STE Trolebús","NOMBRE":"Hacienda El Rosario","TIPO":"Intermedia","LINEA":"06","ALCALDIAS":"Azcapotzalco","Ramp_s_rue":"Sí"},"geometry":{"type":"Point","coordinates":[-99.20524429187823,19.503054972093519,0.0]}},
{"type":"Feature","properties":{"circuito":null,"SISTEMA":"STE Trolebús","NOMBRE":"Osa Mayor","TIPO":"Intermedia","LINEA":"06","ALCALDIAS":"Azcapotzalco","Ramp_s_rue":"Sí"},"geometry":{"type":"Point","coordinates":[-99.206555858555518,19.504827837736801,0.0]}},
{"type":"Feature","properties":{"circuito":null,"SISTEMA":"STE Trolebús","NOMBRE":"Renacimiento","TIPO":"Intermedia","LINEA":"06","ALCALDIAS":"Azcapotzalco","Ramp_s_rue":"Sí"},"geometry":{"type":"Point","coordinates":[-99.207951607192015,19.506084789504797,0.0]}},
{"type":"Feature","properties":{"circuito":null,"SISTEMA":"STE Trolebús","NOMBRE":"Alfareros","TIPO":"Intermedia","LINEA":"06","ALCALDIAS":"Azcapotzalco","Ramp_s_rue":"Sí"},"geometry":{"type":"Point","coordinates":[-99.20829608441457,19.508080734482967,0.0]}},
{"type":"Feature","properties":{"circuito":null,"SISTEMA":"STE Trolebús","NOMBRE":"Cultura Náhuatl","TIPO":"Intermedia","LINEA":"06","ALCALDIAS":"Azcapotzalco","Ramp_s_rue":"Sí"},"geometry":{"type":"Point","coordinates":[-99.205765404822074,19.508596620548975,0.0]}},
{"type":"Feature","properties":{"circuito":null,"SISTEMA":"STE Trolebús","NOMBRE":"Hidrógeno","TIPO":"Intermedia","LINEA":"06","ALCALDIAS":"Azcapotzalco","Ramp_s_rue":"Sí"},"geometry":{"type":"Point","coordinates":[-99.2021537183237,19.510176353079355,0.0]}},
{"type":"Feature","properties":{"circuito":null,"SISTEMA":"STE Trolebús","NOMBRE":"Carbono","TIPO":"Intermedia","LINEA":"06","ALCALDIAS":"Azcapotzalco","Ramp_s_rue":"Sí"},"geometry":{"type":"Point","coordinates":[-99.199623177527641,19.511143497205907,0.0]}},
{"type":"Feature","properties":{"circuito":null,"SISTEMA":"STE Trolebús","NOMBRE":"Bachilleres 1","TIPO":"Intermedia","LINEA":"06","ALCALDIAS":"Azcapotzalco","Ramp_s_rue":"Sí"},"geometry":{"type":"Point","coordinates":[-99.197563614052243,19.511447366373783,0.0]}},
{"type":"Feature","properties":{"circuito":null,"SISTEMA":"STE Trolebús","NOMBRE":"Aztacalco","TIPO":"Intermedia","LINEA":"06","ALCALDIAS":"Azcapotzalco","Ramp_s_rue":"Sí"},"geometry":{"type":"Point","coordinates":[-99.197833876001027,19.5085850972599,0.0]}},
{"type":"Feature","properties":{"circuito":null,"SISTEMA":"STE Trolebús","NOMBRE":"Depósito El Rosario","TIPO":"Intermedia","LINEA":"06","ALCALDIAS":"Azcapotzalco","Ramp_s_rue":"Sí"},"geometry":{"type":"Point","coordinates":[-99.198308513341928,19.505689090852616,0.0]}},
{"type":"Feature","properties":{"circuito":null,"SISTEMA":"STE Trolebús","NOMBRE":"Av. de los Ángeles","TIPO":"Intermedia","LINEA":"06","ALCALDIAS":"Azcapotzalco","Ramp_s_rue":"Sí"},"geometry":{"type":"Point","coordinates":[-99.197775367076275,19.501956733620268,0.0]}},
{"type":"Feature","properties":{"circuito":null,"SISTEMA":"STE Trolebús","NOMBRE":"Tierra Negra","TIPO":"Intermedia","LINEA":"06","ALCALDIAS":"Azcapotzalco","Ramp_s_rue":"Sí"},"geometry":{"type":"Point","coordinates":[-99.199177734869522,19.500592336039443,0.0]}},
{"type":"Feature","properties":{"circuito":null,"SISTEMA":"STE Trolebús","NOMBRE":"El Rosario","TIPO":"Terminal","LINEA":"06","ALCALDIAS":"Azcapotzalco","Ramp_s_rue":"Sí"},"geometry":{"type":"Point","coordinates":[-99.201332031526164,19.504007543729173,0.0]}},
{"type":"Feature","properties":{"circuito":null,"SISTEMA":"STE Trolebús","NOMBRE":"Av. de Las Culturas","TIPO":"Intermedia","LINEA":"06","ALCALDIAS":"Azcapotzalco","Ramp_s_rue":"Sí"},"geometry":{"type":"Point","coordinates":[-99.198532592027533,19.511188877619524,0.0]}},
{"type":"Feature","properties":{"circuito":null,"SISTEMA":"STE Trolebús","NOMBRE":"Mecanicos","TIPO":"Intermedia","LINEA":"06","ALCALDIAS":"Azcapotzalco","Ramp_s_rue":"Sí"},"geometry":{"type":"Point","coordinates":[-99.199342811597404,19.511558016266559,0.0]}},
{"type":"Feature","properties":{"circuito":null,"SISTEMA":"STE Trolebús","NOMBRE":"Pescadores","TIPO":"Intermedia","LINEA":"06","ALCALDIAS":"Azcapotzalco","Ramp_s_rue":"Sí"},"geometry":{"type":"Point","coordinates":[-99.202003151944837,19.510627491167487,0.0]}},
{"type":"Feature","properties":{"circuito":null,"SISTEMA":"STE Trolebús","NOMBRE":"Cultura Náhuatl","TIPO":"Intermedia","LINEA":"06","ALCALDIAS":"Azcapotzalco","Ramp_s_rue":"Sí"},"geometry":{"type":"Point","coordinates":[-99.204413018535249,19.509358291479543,0.0]}},
{"type":"Feature","properties":{"circuito":null,"SISTEMA":"STE Trolebús","NOMBRE":"Alfareros","TIPO":"Intermedia","LINEA":"06","ALCALDIAS":"Azcapotzalco","Ramp_s_rue":"Sí"},"geometry":{"type":"Point","coordinates":[-99.208360214610281,19.508555454741366,0.0]}},
{"type":"Feature","properties":{"circuito":null,"SISTEMA":"STE Trolebús","NOMBRE":"Av. Aquiles Serdan","TIPO":"Intermedia","LINEA":"06","ALCALDIAS":"Azcapotzalco","Ramp_s_rue":"Sí"},"geometry":{"type":"Point","coordinates":[-99.208317156734338,19.506450217336582,0.0]}},
{"type":"Feature","properties":{"circuito":null,"SISTEMA":"STE Trolebús","NOMBRE":"Rancho San Juan de Dios","TIPO":"Intermedia","LINEA":"06","ALCALDIAS":"Azcapotzalco","Ramp_s_rue":"Sí"},"geometry":{"type":"Point","coordinates":[-99.206880281604555,19.504395134932636,0.0]}},
{"type":"Feature","properties":{"circuito":null,"SISTEMA":"STE Trolebús","NOMBRE":"Hacienda De Sotelo","TIPO":"Intermedia","LINEA":"06","ALCALDIAS":"Azcapotzalco","Ramp_s_rue":"Sí"},"geometry":{"type":"Point","coordinates":[-99.205154040594479,19.502237492341305,0.0]}},
{"type":"Feature","properties":{"circuito":null,"SISTEMA":"STE Trolebús","NOMBRE":"C.C.H. Azcapotzalco","TIPO":"Intermedia","LINEA":"06","ALCALDIAS":"Azcapotzalco","Ramp_s_rue":"Sí"},"geometry":{"type":"Point","coordinates":[-99.202491450418208,19.499231554160417,0.0]}},
{"type":"Feature","properties":{"circuito":null,"SISTEMA":"STE Trolebús","NOMBRE":"Puente de Guerra","TIPO":"Intermedia","LINEA":"06","ALCALDIAS":"Azcapotzalco","Ramp_s_rue":"Sí"},"geometry":{"type":"Point","coordinates":[-99.199705064908386,19.496468953916224,0.0]}},
{"type":"Feature","properties":{"circuito":null,"SISTEMA":"STE Trolebús","NOMBRE":"Zempoaltecas","TIPO":"Intermedia","LINEA":"06","ALCALDIAS":"Azcapotzalco","Ramp_s_rue":"Sí"},"geometry":{"type":"Point","coordinates":[-99.196467794681269,19.491812597015794,0.0]}},
{"type":"Feature","properties":{"circuito":null,"SISTEMA":"STE Trolebús","NOMBRE":"Metro Aquiles Serdán","TIPO":"Intermedia","LINEA":"06","ALCALDIAS":"Azcapotzalco","Ramp_s_rue":"Sí"},"geometry":{"type":"Point","coordinates":[-99.195198912080414,19.490236341576022,0.0]}},
{"type":"Feature","properties":{"circuito":null,"SISTEMA":"STE Trolebús","NOMBRE":"Centéotl","TIPO":"Intermedia","LINEA":"06","ALCALDIAS":"Azcapotzalco","Ramp_s_rue":"Sí"},"geometry":{"type":"Point","coordinates":[-99.193319235077254,19.488473767788221,0.0]}},
{"type":"Feature","properties":{"circuito":null,"SISTEMA":"STE Trolebús","NOMBRE":"Santo Domingo","TIPO":"Intermedia","LINEA":"06","ALCALDIAS":"Azcapotzalco","Ramp_s_rue":"Sí"},"geometry":{"type":"Point","coordinates":[-99.191825728360669,19.487205160969175,0.0]}},
{"type":"Feature","properties":{"circuito":null,"SISTEMA":"STE Trolebús","NOMBRE":"FF.CC. Nacionales","TIPO":"Intermedia","LINEA":"06","ALCALDIAS":"Azcapotzalco","Ramp_s_rue":"Sí"},"geometry":{"type":"Point","coordinates":[-99.190356093052287,19.485953135272357,0.0]}},
{"type":"Feature","properties":{"circuito":null,"SISTEMA":"STE Trolebús","NOMBRE":"Hidalgo","TIPO":"Intermedia","LINEA":"06","ALCALDIAS":"Azcapotzalco","Ramp_s_rue":"Sí"},"geometry":{"type":"Point","coordinates":[-99.188656607958279,19.481462971251947,0.0]}},
{"type":"Feature","properties":{"circuito":null,"SISTEMA":"STE Trolebús","NOMBRE":"Camarones","TIPO":"Intermedia","LINEA":"06","ALCALDIAS":"Azcapotzalco","Ramp_s_rue":"Sí"},"geometry":{"type":"Point","coordinates":[-99.188840613959329,19.479484439276217,0.0]}},
{"type":"Feature","properties":{"circuito":null,"SISTEMA":"STE Trolebús","NOMBRE":"Av. Azcapotzalco","TIPO":"Intermedia","LINEA":"06","ALCALDIAS":"Azcapotzalco","Ramp_s_rue":"Sí"},"geometry":{"type":"Point","coordinates":[-99.187155028930064,19.478430972630633,0.0]}},
{"type":"Feature","properties":{"circuito":null,"SISTEMA":"STE Trolebús","NOMBRE":"22 de Febrero","TIPO":"Intermedia","LINEA":"06","ALCALDIAS":"Azcapotzalco","Ramp_s_rue":"Sí"},"geometry":{"type":"Point","coordinates":[-99.1851517853122,19.477868610795479,0.0]}},
{"type":"Feature","properties":{"circuito":null,"SISTEMA":"STE Trolebús","NOMBRE":"Nubia","TIPO":"Intermedia","LINEA":"06","ALCALDIAS":"Azcapotzalco","Ramp_s_rue":"Sí"},"geometry":{"type":"Point","coordinates":[-99.182095985615476,19.474436499746766,0.0]}},
{"type":"Feature","properties":{"circuito":null,"SISTEMA":"STE Trolebús","NOMBRE":"Salónica","TIPO":"Intermedia","LINEA":"06","ALCALDIAS":"Azcapotzalco","Ramp_s_rue":"Sí"},"geometry":{"type":"Point","coordinates":[-99.179418549611199,19.471272821961147,0.0]}},
{"type":"Feature","properties":{"circuito":null,"SISTEMA":"STE Trolebús","NOMBRE":"Glorieta de Camarones","TIPO":"Transbordo","LINEA":"06","ALCALDIAS":"Azcapotzalco","Ramp_s_rue":"Sí"},"geometry":{"type":"Point","coordinates":[-99.177067108711952,19.468871287875665,0.0]}},
{"type":"Feature","properties":{"circuito":null,"SISTEMA":"STE Trolebús","NOMBRE":"Poniente 62","TIPO":"Intermedia","LINEA":"06","ALCALDIAS":"Azcapotzalco","Ramp_s_rue":"Sí"},"geometry":{"type":"Point","coordinates":[-99.177140456417121,19.467062857874559,0.0]}},
{"type":"Feature","properties":{"circuito":null,"SISTEMA":"STE Trolebús","NOMBRE":"Clavería","TIPO":"Intermedia","LINEA":"06","ALCALDIAS":"Azcapotzalco","Ramp_s_rue":"Sí"},"geometry":{"type":"Point","coordinates":[-99.177553671514332,19.465068402229385,0.0]}},
{"type":"Feature","properties":{"circuito":null,"SISTEMA":"STE Trolebús","NOMBRE":"Begonias","TIPO":"Intermedia","LINEA":"06","ALCALDIAS":"Azcapotzalco","Ramp_s_rue":"Sí"},"geometry":{"type":"Point","coordinates":[-99.177692908756725,19.463521634370686,0.0]}},
{"type":"Feature","properties":{"circuito":null,"SISTEMA":"STE Trolebús","NOMBRE":"Poniente 44","TIPO":"Intermedia","LINEA":"06","ALCALDIAS":"Azcapotzalco","Ramp_s_rue":"Sí"},"geometry":{"type":"Point","coordinates":[-99.177935128556513,19.460830779726276,0.0]}},
{"type":"Feature","properties":{"circuito":null,"SISTEMA":"STE Trolebús","NOMBRE":"J. Sánchez Trujillo","TIPO":"Intermedia","LINEA":"06","ALCALDIAS":"Azcapotzalco","Ramp_s_rue":"Sí"},"geometry":{"type":"Point","coordinates":[-99.178666597421142,19.459416153018953,0.0]}},
{"type":"Feature","properties":{"circuito":null,"SISTEMA":"STE Trolebús","NOMBRE":"Calz. Mexico - Tacuba","TIPO":"Intermedia","LINEA":"06","ALCALDIAS":"Miguel Hidalgo","Ramp_s_rue":"Sí"},"geometry":{"type":"Point","coordinates":[-99.180258874721247,19.456924768396817,0.0]}},
{"type":"Feature","properties":{"circuito":null,"SISTEMA":"STE Trolebús","NOMBRE":"Mar Cantábrico","TIPO":"Intermedia","LINEA":"06","ALCALDIAS":"Miguel Hidalgo","Ramp_s_rue":"Sí"},"geometry":{"type":"Point","coordinates":[-99.181595250030071,19.453511821007766,0.0]}},
{"type":"Feature","properties":{"circuito":null,"SISTEMA":"STE Trolebús","NOMBRE":"Felipe Carrillo Puerto","TIPO":"Intermedia","LINEA":"06","ALCALDIAS":"Miguel Hidalgo","Ramp_s_rue":"Sí"},"geometry":{"type":"Point","coordinates":[-99.181950104491619,19.451400977159715,0.0]}},
{"type":"Feature","properties":{"circuito":null,"SISTEMA":"STE Trolebús","NOMBRE":"Av. Marina Nacional","TIPO":"Intermedia","LINEA":"06","ALCALDIAS":"Miguel Hidalgo","Ramp_s_rue":"Sí"},"geometry":{"type":"Point","coordinates":[-99.182357001376275,19.448931744234663,0.0]}},
{"type":"Feature","properties":{"circuito":null,"SISTEMA":"STE Trolebús","NOMBRE":"Lago Bolsena","TIPO":"Intermedia","LINEA":"06","ALCALDIAS":"Miguel Hidalgo","Ramp_s_rue":"Sí"},"geometry":{"type":"Point","coordinates":[-99.182850065167429,19.445693670429403,0.0]}},
{"type":"Feature","properties":{"circuito":null,"SISTEMA":"STE Trolebús","NOMBRE":"Laguna de Términos","TIPO":"Intermedia","LINEA":"06","ALCALDIAS":"Miguel Hidalgo","Ramp_s_rue":"Sí"},"geometry":{"type":"Point","coordinates":[-99.18313031523185,19.443853141206795,0.0]}},
{"type":"Feature","properties":{"circuito":null,"SISTEMA":"STE Trolebús","NOMBRE":"Laguna de Mayrán","TIPO":"Intermedia","LINEA":"06","ALCALDIAS":"Miguel Hidalgo","Ramp_s_rue":"Sí"},"geometry":{"type":"Point","coordinates":[-99.183423292043358,19.44192898578617,0.0]}},
{"type":"Feature","properties":{"circuito":null,"SISTEMA":"STE Trolebús","NOMBRE":"Lago Alberto","TIPO":"Intermedia","LINEA":"06","ALCALDIAS":"Miguel Hidalgo","Ramp_s_rue":"Sí"},"geometry":{"type":"Point","coordinates":[-99.183708581457765,19.440055275039217,0.0]}},
{"type":"Feature","properties":{"circuito":null,"SISTEMA":"STE Trolebús","NOMBRE":"Newton","TIPO":"Intermedia","LINEA":"06","ALCALDIAS":"Miguel Hidalgo","Ramp_s_rue":"Sí"},"geometry":{"type":"Point","coordinates":[-99.183466067960666,19.437278500339154,0.0]}},
{"type":"Feature","properties":{"circuito":null,"SISTEMA":"STE Trolebús","NOMBRE":"Homero","TIPO":"Intermedia","LINEA":"06","ALCALDIAS":"Miguel Hidalgo","Ramp_s_rue":"Sí"},"geometry":{"type":"Point","coordinates":[-99.182846851543488,19.43555742085201,0.0]}},
{"type":"Feature","properties":{"circuito":null,"SISTEMA":"STE Trolebús","NOMBRE":"Horacio","TIPO":"Intermedia","LINEA":"06","ALCALDIAS":"Miguel Hidalgo","Ramp_s_rue":"Sí"},"geometry":{"type":"Point","coordinates":[-99.181981685752049,19.433312076395374,0.0]}},
{"type":"Feature","properties":{"circuito":null,"SISTEMA":"STE Trolebús","NOMBRE":"Av. Presidente Mazarik","TIPO":"Intermedia","LINEA":"06","ALCALDIAS":"Miguel Hidalgo","Ramp_s_rue":"Sí"},"geometry":{"type":"Point","coordinates":[-99.181337954194191,19.431763304020336,0.0]}},
{"type":"Feature","properties":{"circuito":null,"SISTEMA":"STE Trolebús","NOMBRE":"Campos Elíseos","TIPO":"Intermedia","LINEA":"06","ALCALDIAS":"Miguel Hidalgo","Ramp_s_rue":"Sí"},"geometry":{"type":"Point","coordinates":[-99.18014910179842,19.428766311995112,0.0]}},
{"type":"Feature","properties":{"circuito":null,"SISTEMA":"STE Trolebús","NOMBRE":"Tolstoi","TIPO":"Intermedia","LINEA":"06","ALCALDIAS":"Miguel Hidalgo","Ramp_s_rue":"Sí"},"geometry":{"type":"Point","coordinates":[-99.178702452372576,19.425182755800559,0.0]}},
{"type":"Feature","properties":{"circuito":null,"SISTEMA":"STE Trolebús","NOMBRE":"Ciudad Universitaria - Estadio C.U.","TIPO":"Terminal","LINEA":"07","ALCALDIAS":"Coyoacán","Ramp_s_rue":"Sí"},"geometry":{"type":"Point","coordinates":[-99.190557339846364,19.336130612599206,0.0]}},
{"type":"Feature","properties":{"circuito":null,"SISTEMA":"STE Trolebús","NOMBRE":"Psicología","TIPO":"Intermedia","LINEA":"07","ALCALDIAS":"Coyoacán","Ramp_s_rue":"Sí"},"geometry":{"type":"Point","coordinates":[-99.187189802065404,19.336832973306286,0.0]}},
{"type":"Feature","properties":{"circuito":null,"SISTEMA":"STE Trolebús","NOMBRE":"Av. Copilco","TIPO":"Intermedia","LINEA":"07","ALCALDIAS":"Coyoacán","Ramp_s_rue":"Sí"},"geometry":{"type":"Point","coordinates":[-99.184348563459665,19.337170967093691,0.0]}},
{"type":"Feature","properties":{"circuito":null,"SISTEMA":"STE Trolebús","NOMBRE":"Hermanos Vázquez","TIPO":"Intermedia","LINEA":"07","ALCALDIAS":"Coyoacán","Ramp_s_rue":"Sí"},"geometry":{"type":"Point","coordinates":[-99.182057930830851,19.339444897026464,0.0]}},
{"type":"Feature","properties":{"circuito":null,"SISTEMA":"STE Trolebús","NOMBRE":"Cerro Acasulco","TIPO":"Intermedia","LINEA":"07","ALCALDIAS":"Coyoacán","Ramp_s_rue":"Sí"},"geometry":{"type":"Point","coordinates":[-99.181565684726024,19.341820368423072,0.0]}},
{"type":"Feature","properties":{"circuito":null,"SISTEMA":"STE Trolebús","NOMBRE":"Oxtopulco","TIPO":"Intermedia","LINEA":"07","ALCALDIAS":"Coyoacán","Ramp_s_rue":"Sí"},"geometry":{"type":"Point","coordinates":[-99.181254624213835,19.343357671297913,0.0]}},
{"type":"Feature","properties":{"circuito":null,"SISTEMA":"STE Trolebús","NOMBRE":"Miguel Ángel de Quevedo","TIPO":"Intermedia","LINEA":"07","ALCALDIAS":"Coyoacán","Ramp_s_rue":"Sí"},"geometry":{"type":"Point","coordinates":[-99.18069221358239,19.346137106862706,0.0]}},
{"type":"Feature","properties":{"circuito":null,"SISTEMA":"STE Trolebús","NOMBRE":"Cerro del Hombre","TIPO":"Intermedia","LINEA":"07","ALCALDIAS":"Coyoacán","Ramp_s_rue":"Sí"},"geometry":{"type":"Point","coordinates":[-99.177230301705308,19.346127438743597,0.0]}},
{"type":"Feature","properties":{"circuito":null,"SISTEMA":"STE Trolebús","NOMBRE":"Zaragoza","TIPO":"Intermedia","LINEA":"07","ALCALDIAS":"Coyoacán","Ramp_s_rue":"Sí"},"geometry":{"type":"Point","coordinates":[-99.174070734305701,19.345744301040128,0.0]}},
{"type":"Feature","properties":{"circuito":null,"SISTEMA":"STE Trolebús","NOMBRE":"Melchor Ocampo","TIPO":"Intermedia","LINEA":"07","ALCALDIAS":"Coyoacán","Ramp_s_rue":"Sí"},"geometry":{"type":"Point","coordinates":[-99.171737708502619,19.345461355651405,0.0]}},
{"type":"Feature","properties":{"circuito":null,"SISTEMA":"STE Trolebús","NOMBRE":"Moctezuma","TIPO":"Intermedia","LINEA":"07","ALCALDIAS":"Coyoacán","Ramp_s_rue":"Sí"},"geometry":{"type":"Point","coordinates":[-99.168007025505759,19.345008840598922,0.0]}},
{"type":"Feature","properties":{"circuito":null,"SISTEMA":"STE Trolebús","NOMBRE":"Cuadrante San Francisco","TIPO":"Intermedia","LINEA":"07","ALCALDIAS":"Coyoacán","Ramp_s_rue":"Sí"},"geometry":{"type":"Point","coordinates":[-99.16448948963594,19.344582106996722,0.0]}},
{"type":"Feature","properties":{"circuito":null,"SISTEMA":"STE Trolebús","NOMBRE":"Puente San Francisco","TIPO":"Intermedia","LINEA":"07","ALCALDIAS":"Coyoacán","Ramp_s_rue":"Sí"},"geometry":{"type":"Point","coordinates":[-99.162085013044589,19.344290364965094,0.0]}},
{"type":"Feature","properties":{"circuito":null,"SISTEMA":"STE Trolebús","NOMBRE":"Fernández Leal","TIPO":"Intermedia","LINEA":"07","ALCALDIAS":"Coyoacán","Ramp_s_rue":"Sí"},"geometry":{"type":"Point","coordinates":[-99.159390154747996,19.343963351102794,0.0]}},
{"type":"Feature","properties":{"circuito":null,"SISTEMA":"STE Trolebús","NOMBRE":"Europa","TIPO":"Intermedia","LINEA":"07","ALCALDIAS":"Coyoacán","Ramp_s_rue":"Sí"},"geometry":{"type":"Point","coordinates":[-99.157399793825476,19.343721799660951,0.0]}},
{"type":"Feature","properties":{"circuito":null,"SISTEMA":"STE Trolebús","NOMBRE":"Oceanía","TIPO":"Intermedia","LINEA":"07","ALCALDIAS":"Coyoacán","Ramp_s_rue":"Sí"},"geometry":{"type":"Point","coordinates":[-99.154186405709666,19.343288136989194,0.0]}},
{"type":"Feature","properties":{"circuito":null,"SISTEMA":"STE Trolebús","NOMBRE":"Ohio","TIPO":"Intermedia","LINEA":"07","ALCALDIAS":"Coyoacán","Ramp_s_rue":"Sí"},"geometry":{"type":"Point","coordinates":[-99.151615523614097,19.342926901966464,0.0]}},
{"type":"Feature","properties":{"circuito":null,"SISTEMA":"STE Trolebús","NOMBRE":"Division Del Norte","TIPO":"Transbordo","LINEA":"07","ALCALDIAS":"Coyoacán","Ramp_s_rue":"Sí"},"geometry":{"type":"Point","coordinates":[-99.149176898835634,19.34258421540272,0.0]}},
{"type":"Feature","properties":{"circuito":null,"SISTEMA":"STE Trolebús","NOMBRE":"Central","TIPO":"Transbordo","LINEA":"07","ALCALDIAS":"Coyoacán","Ramp_s_rue":"Sí"},"geometry":{"type":"Point","coordinates":[-99.147476543453152,19.342343763850312,0.0]}},
{"type":"Feature","properties":{"circuito":null,"SISTEMA":"STE Trolebús","NOMBRE":"Cerro Huitzilac","TIPO":"Intermedia","LINEA":"07","ALCALDIAS":"Coyoacán","Ramp_s_rue":"Sí"},"geometry":{"type":"Point","coordinates":[-99.14144667495826,19.341574703343625,0.0]}},
{"type":"Feature","properties":{"circuito":null,"SISTEMA":"STE Trolebús","NOMBRE":"Central del Sur","TIPO":"Intermedia","LINEA":"07","ALCALDIAS":"Coyoacán","Ramp_s_rue":"Sí"},"geometry":{"type":"Point","coordinates":[-99.139154849953243,19.341268912155815,0.0]}},
{"type":"Feature","properties":{"circuito":null,"SISTEMA":"STE Trolebús","NOMBRE":"Canal de Miramontes","TIPO":"Intermedia","LINEA":"07","ALCALDIAS":"Coyoacán","Ramp_s_rue":"Sí"},"geometry":{"type":"Point","coordinates":[-99.136096681528741,19.340872469186223,0.0]}},
{"type":"Feature","properties":{"circuito":null,"SISTEMA":"STE Trolebús","NOMBRE":"Petróleos Mexicanos","TIPO":"Intermedia","LINEA":"07","ALCALDIAS":"Coyoacán","Ramp_s_rue":"Sí"},"geometry":{"type":"Point","coordinates":[-99.133080921382273,19.340287054626913,0.0]}},
{"type":"Feature","properties":{"circuito":null,"SISTEMA":"STE Trolebús","NOMBRE":"CECyT 13","TIPO":"Intermedia","LINEA":"07","ALCALDIAS":"Coyoacán","Ramp_s_rue":"Sí"},"geometry":{"type":"Point","coordinates":[-99.130335528018009,19.339509392375984,0.0]}},
{"type":"Feature","properties":{"circuito":null,"SISTEMA":"STE Trolebús","NOMBRE":"Santa Isabel Tola","TIPO":"Intermedia","LINEA":"07","ALCALDIAS":"Coyoacán","Ramp_s_rue":"Sí"},"geometry":{"type":"Point","coordinates":[-99.127474519366046,19.338678539293948,0.0]}},
{"type":"Feature","properties":{"circuito":null,"SISTEMA":"STE Trolebús","NOMBRE":"Escuela Naval Militar","TIPO":"Intermedia","LINEA":"07","ALCALDIAS":"Coyoacán","Ramp_s_rue":"Sí"},"geometry":{"type":"Point","coordinates":[-99.123055593144258,19.337545002977578,0.0]}},
{"type":"Feature","properties":{"circuito":null,"SISTEMA":"STE Trolebús","NOMBRE":"Miguel Hidalgo","TIPO":"Intermedia","LINEA":"07","ALCALDIAS":"Coyoacán","Ramp_s_rue":"Sí"},"geometry":{"type":"Point","coordinates":[-99.120181913586492,19.337248180908187,0.0]}},
{"type":"Feature","properties":{"circuito":null,"SISTEMA":"STE Trolebús","NOMBRE":"Ejido","TIPO":"Intermedia","LINEA":"07","ALCALDIAS":"Coyoacán","Ramp_s_rue":"Sí"},"geometry":{"type":"Point","coordinates":[-99.118394821994158,19.338208440186811,0.0]}},
{"type":"Feature","properties":{"circuito":null,"SISTEMA":"STE Trolebús","NOMBRE":"San Pablo","TIPO":"Intermedia","LINEA":"07","ALCALDIAS":"Coyoacán","Ramp_s_rue":"Sí"},"geometry":{"type":"Point","coordinates":[-99.117502921066404,19.33874263944768,0.0]}},
{"type":"Feature","properties":{"circuito":null,"SISTEMA":"STE Trolebús","NOMBRE":"Av. Tláhuac","TIPO":"Intermedia","LINEA":"07","ALCALDIAS":"Iztapalapa","Ramp_s_rue":"Sí"},"geometry":{"type":"Point","coordinates":[-99.10938955714812,19.337954689563993,0.0]}},
{"type":"Feature","properties":{"circuito":null,"SISTEMA":"STE Trolebús","NOMBRE":"Culhuacán","TIPO":"Intermedia","LINEA":"07","ALCALDIAS":"Iztapalapa","Ramp_s_rue":"Sí"},"geometry":{"type":"Point","coordinates":[-99.109045462103339,19.336862484152416,0.0]}},
{"type":"Feature","properties":{"circuito":null,"SISTEMA":"STE Trolebús","NOMBRE":"Gobernación","TIPO":"Intermedia","LINEA":"07","ALCALDIAS":"Iztapalapa","Ramp_s_rue":"Sí"},"geometry":{"type":"Point","coordinates":[-99.108846157965928,19.334338717715674,0.0]}},
{"type":"Feature","properties":{"circuito":null,"SISTEMA":"STE Trolebús","NOMBRE":"Educación Pública","TIPO":"Intermedia","LINEA":"07","ALCALDIAS":"Iztapalapa","Ramp_s_rue":"Sí"},"geometry":{"type":"Point","coordinates":[-99.107861802352971,19.331741451757953,0.0]}},
{"type":"Feature","properties":{"circuito":null,"SISTEMA":"STE Trolebús","NOMBRE":"Luis Galvani","TIPO":"Intermedia","LINEA":"07","ALCALDIAS":"Iztapalapa","Ramp_s_rue":"Sí"},"geometry":{"type":"Point","coordinates":[-99.10719904420742,19.329588743686994,0.0]}},
{"type":"Feature","properties":{"circuito":null,"SISTEMA":"STE Trolebús","NOMBRE":"San Andrés Tomatlán","TIPO":"Intermedia","LINEA":"07","ALCALDIAS":"Iztapalapa","Ramp_s_rue":"Sí"},"geometry":{"type":"Point","coordinates":[-99.10479022441352,19.328213665790397,0.0]}},
{"type":"Feature","properties":{"circuito":null,"SISTEMA":"STE Trolebús","NOMBRE":"Próspero García","TIPO":"Intermedia","LINEA":"07","ALCALDIAS":"Iztapalapa","Ramp_s_rue":"Sí"},"geometry":{"type":"Point","coordinates":[-99.103325298981076,19.327563567323491,0.0]}},
{"type":"Feature","properties":{"circuito":null,"SISTEMA":"STE Trolebús","NOMBRE":"Emiliano Zapata","TIPO":"Intermedia","LINEA":"07","ALCALDIAS":"Iztapalapa","Ramp_s_rue":"Sí"},"geometry":{"type":"Point","coordinates":[-99.100477135908193,19.326270019894409,0.0]}},
{"type":"Feature","properties":{"circuito":null,"SISTEMA":"STE Trolebús","NOMBRE":"Viveros","TIPO":"Intermedia","LINEA":"07","ALCALDIAS":"Iztapalapa","Ramp_s_rue":"Sí"},"geometry":{"type":"Point","coordinates":[-99.098113614494309,19.322690576566806,0.0]}},
{"type":"Feature","properties":{"circuito":null,"SISTEMA":"STE Trolebús","NOMBRE":"Lomas Estrella","TIPO":"Terminal","LINEA":"07","ALCALDIAS":"Iztapalapa","Ramp_s_rue":"Sí"},"geometry":{"type":"Point","coordinates":[-99.096936671409722,19.322266570283432,0.0]}},
{"type":"Feature","properties":{"circuito":null,"SISTEMA":"STE Trolebús","NOMBRE":"Bahamas","TIPO":"Intermedia","LINEA":"07","ALCALDIAS":"Iztapalapa","Ramp_s_rue":"Sí"},"geometry":{"type":"Point","coordinates":[-99.09726803819062,19.322549482232539,0.0]}},
{"type":"Feature","properties":{"circuito":null,"SISTEMA":"STE Trolebús","NOMBRE":"Progreso","TIPO":"Intermedia","LINEA":"07","ALCALDIAS":"Iztapalapa","Ramp_s_rue":"Sí"},"geometry":{"type":"Point","coordinates":[-99.09875547774304,19.325195351979019,0.0]}},
{"type":"Feature","properties":{"circuito":null,"SISTEMA":"STE Trolebús","NOMBRE":"Emiliano Zapata","TIPO":"Intermedia","LINEA":"07","ALCALDIAS":"Iztapalapa","Ramp_s_rue":"Sí"},"geometry":{"type":"Point","coordinates":[-99.10025449425801,19.326354006605406,0.0]}},
{"type":"Feature","properties":{"circuito":null,"SISTEMA":"STE Trolebús","NOMBRE":"San Andrés Tomatlán","TIPO":"Intermedia","LINEA":"07","ALCALDIAS":"Iztapalapa","Ramp_s_rue":"Sí"},"geometry":{"type":"Point","coordinates":[-99.104026563186011,19.32806226582731,0.0]}},
{"type":"Feature","properties":{"circuito":null,"SISTEMA":"STE Trolebús","NOMBRE":"Luis Galvani","TIPO":"Intermedia","LINEA":"07","ALCALDIAS":"Iztapalapa","Ramp_s_rue":"Sí"},"geometry":{"type":"Point","coordinates":[-99.106487786702814,19.329080127043468,0.0]}},
{"type":"Feature","properties":{"circuito":null,"SISTEMA":"STE Trolebús","NOMBRE":"Samuel F. B. Morse","TIPO":"Intermedia","LINEA":"07","ALCALDIAS":"Iztapalapa","Ramp_s_rue":"Sí"},"geometry":{"type":"Point","coordinates":[-99.107906916732006,19.332358045769034,0.0]}},
{"type":"Feature","properties":{"circuito":null,"SISTEMA":"STE Trolebús","NOMBRE":"Gobernación","TIPO":"Intermedia","LINEA":"07","ALCALDIAS":"Iztapalapa","Ramp_s_rue":"Sí"},"geometry":{"type":"Point","coordinates":[-99.108537112573174,19.334028560228209,0.0]}},
{"type":"Feature","properties":{"circuito":null,"SISTEMA":"STE Trolebús","NOMBRE":"Culhuacán","TIPO":"Intermedia","LINEA":"07","ALCALDIAS":"Iztapalapa","Ramp_s_rue":"Sí"},"geometry":{"type":"Point","coordinates":[-99.108847730962239,19.336971284162299,0.0]}},
{"type":"Feature","properties":{"circuito":null,"SISTEMA":"STE Trolebús","NOMBRE":"16 de Septiembre","TIPO":"Intermedia","LINEA":"07","ALCALDIAS":"Coyoacán","Ramp_s_rue":"Sí"},"geometry":{"type":"Point","coordinates":[-99.115944848989784,19.339366057453688,0.0]}},
{"type":"Feature","properties":{"circuito":null,"SISTEMA":"STE Trolebús","NOMBRE":"San Francisco","TIPO":"Intermedia","LINEA":"07","ALCALDIAS":"Coyoacán","Ramp_s_rue":"Sí"},"geometry":{"type":"Point","coordinates":[-99.118104823191715,19.338603759137264,0.0]}},
{"type":"Feature","properties":{"circuito":null,"SISTEMA":"STE Trolebús","NOMBRE":"Miguel Hidalgo","TIPO":"Intermedia","LINEA":"07","ALCALDIAS":"Coyoacán","Ramp_s_rue":"Sí"},"geometry":{"type":"Point","coordinates":[-99.120059986783275,19.337490799823115,0.0]}},
{"type":"Feature","properties":{"circuito":null,"SISTEMA":"STE Trolebús","NOMBRE":"Escuela Naval Militar","TIPO":"Intermedia","LINEA":"07","ALCALDIAS":"Coyoacán","Ramp_s_rue":"Sí"},"geometry":{"type":"Point","coordinates":[-99.122502115371418,19.337629454009722,0.0]}},
{"type":"Feature","properties":{"circuito":null,"SISTEMA":"STE Trolebús","NOMBRE":"Santa Isabel Tola","TIPO":"Intermedia","LINEA":"07","ALCALDIAS":"Coyoacán","Ramp_s_rue":"Sí"},"geometry":{"type":"Point","coordinates":[-99.126795708114074,19.338680995477198,0.0]}},
{"type":"Feature","properties":{"circuito":null,"SISTEMA":"STE Trolebús","NOMBRE":"CECyT 13","TIPO":"Intermedia","LINEA":"07","ALCALDIAS":"Coyoacán","Ramp_s_rue":"Sí"},"geometry":{"type":"Point","coordinates":[-99.129273818741396,19.339417585230379,0.0]}},
{"type":"Feature","properties":{"circuito":null,"SISTEMA":"STE Trolebús","NOMBRE":"Cerro del Cubilete","TIPO":"Intermedia","LINEA":"07","ALCALDIAS":"Coyoacán","Ramp_s_rue":"Sí"},"geometry":{"type":"Point","coordinates":[-99.134495279216608,19.340926522414371,0.0]}},
{"type":"Feature","properties":{"circuito":null,"SISTEMA":"STE Trolebús","NOMBRE":"Canal de Miramontes","TIPO":"Intermedia","LINEA":"07","ALCALDIAS":"Coyoacán","Ramp_s_rue":"Sí"},"geometry":{"type":"Point","coordinates":[-99.137120748350583,19.34122086229733,0.0]}},
{"type":"Feature","properties":{"circuito":null,"SISTEMA":"STE Trolebús","NOMBRE":"Tasqueña","TIPO":"Transbordo","LINEA":"07","ALCALDIAS":"Coyoacán","Ramp_s_rue":"Sí"},"geometry":{"type":"Point","coordinates":[-99.140811092354198,19.341717270891856,0.0]}},
{"type":"Feature","properties":{"circuito":null,"SISTEMA":"STE Trolebús","NOMBRE":"División del Norte","TIPO":"Transbordo","LINEA":"07","ALCALDIAS":"Coyoacán","Ramp_s_rue":"Sí"},"geometry":{"type":"Point","coordinates":[-99.148586178501901,19.342735023445677,0.0]}},
{"type":"Feature","properties":{"circuito":null,"SISTEMA":"STE Trolebús","NOMBRE":"Ohio","TIPO":"Intermedia","LINEA":"07","ALCALDIAS":"Coyoacán","Ramp_s_rue":"Sí"},"geometry":{"type":"Point","coordinates":[-99.152071834639045,19.343212796209258,0.0]}},
{"type":"Feature","properties":{"circuito":null,"SISTEMA":"STE Trolebús","NOMBRE":"América","TIPO":"Intermedia","LINEA":"07","ALCALDIAS":"Coyoacán","Ramp_s_rue":"Sí"},"geometry":{"type":"Point","coordinates":[-99.154950020834391,19.343609162597762,0.0]}},
{"type":"Feature","properties":{"circuito":null,"SISTEMA":"STE Trolebús","NOMBRE":"Asia","TIPO":"Intermedia","LINEA":"07","ALCALDIAS":"Coyoacán","Ramp_s_rue":"Sí"},"geometry":{"type":"Point","coordinates":[-99.158542526664192,19.344081371645018,0.0]}},
{"type":"Feature","properties":{"circuito":null,"SISTEMA":"STE Trolebús","NOMBRE":"Puente San Francisco","TIPO":"Intermedia","LINEA":"07","ALCALDIAS":"Coyoacán","Ramp_s_rue":"Sí"},"geometry":{"type":"Point","coordinates":[-99.161871803617316,19.344485943405758,0.0]}},
{"type":"Feature","properties":{"circuito":null,"SISTEMA":"STE Trolebús","NOMBRE":"Cuadrante San Francisco","TIPO":"Intermedia","LINEA":"07","ALCALDIAS":"Coyoacán","Ramp_s_rue":"Sí"},"geometry":{"type":"Point","coordinates":[-99.16375478728861,19.344714734617551,0.0]}},
{"type":"Feature","properties":{"circuito":null,"SISTEMA":"STE Trolebús","NOMBRE":"Moctezuma","TIPO":"Intermedia","LINEA":"07","ALCALDIAS":"Coyoacán","Ramp_s_rue":"Sí"},"geometry":{"type":"Point","coordinates":[-99.167540457484549,19.345174650139409,0.0]}},
{"type":"Feature","properties":{"circuito":null,"SISTEMA":"STE Trolebús","NOMBRE":"Pino","TIPO":"Intermedia","LINEA":"07","ALCALDIAS":"Coyoacán","Ramp_s_rue":"Sí"},"geometry":{"type":"Point","coordinates":[-99.169998272427677,19.345473202931746,0.0]}},
{"type":"Feature","properties":{"circuito":null,"SISTEMA":"STE Trolebús","NOMBRE":"Melchor Ocampo","TIPO":"Intermedia","LINEA":"07","ALCALDIAS":"Coyoacán","Ramp_s_rue":"Sí"},"geometry":{"type":"Point","coordinates":[-99.171945458979806,19.345709704937189,0.0]}},
{"type":"Feature","properties":{"circuito":null,"SISTEMA":"STE Trolebús","NOMBRE":"Zaragoza","TIPO":"Intermedia","LINEA":"07","ALCALDIAS":"Coyoacán","Ramp_s_rue":"Sí"},"geometry":{"type":"Point","coordinates":[-99.173648043768651,19.34591648039088,0.0]}},
{"type":"Feature","properties":{"circuito":null,"SISTEMA":"STE Trolebús","NOMBRE":"Cerro del Hombre","TIPO":"Intermedia","LINEA":"07","ALCALDIAS":"Coyoacán","Ramp_s_rue":"Sí"},"geometry":{"type":"Point","coordinates":[-99.176537555509427,19.34626736805248,0.0]}},
{"type":"Feature","properties":{"circuito":null,"SISTEMA":"STE Trolebús","NOMBRE":"Av. Universidad","TIPO":"Intermedia","LINEA":"07","ALCALDIAS":"Coyoacán","Ramp_s_rue":"Sí"},"geometry":{"type":"Point","coordinates":[-99.179988763338727,19.346928693566152,0.0]}},
{"type":"Feature","properties":{"circuito":null,"SISTEMA":"STE Trolebús","NOMBRE":"Miguel Ángel de Quevedo","TIPO":"Intermedia","LINEA":"07","ALCALDIAS":"Coyoacán","Ramp_s_rue":"Sí"},"geometry":{"type":"Point","coordinates":[-99.180916674520631,19.34597301859387,0.0]}},
{"type":"Feature","properties":{"circuito":null,"SISTEMA":"STE Trolebús","NOMBRE":"Oxtopulco","TIPO":"Intermedia","LINEA":"07","ALCALDIAS":"Coyoacán","Ramp_s_rue":"Sí"},"geometry":{"type":"Point","coordinates":[-99.18137650725069,19.343743190862007,0.0]}},
{"type":"Feature","properties":{"circuito":null,"SISTEMA":"STE Trolebús","NOMBRE":"Cerro Acasulco","TIPO":"Intermedia","LINEA":"07","ALCALDIAS":"Coyoacán","Ramp_s_rue":"Sí"},"geometry":{"type":"Point","coordinates":[-99.181713395666151,19.342109507882146,0.0]}},
{"type":"Feature","properties":{"circuito":null,"SISTEMA":"STE Trolebús","NOMBRE":"Hermanos Vázquez","TIPO":"Intermedia","LINEA":"07","ALCALDIAS":"Coyoacán","Ramp_s_rue":"Sí"},"geometry":{"type":"Point","coordinates":[-99.182337308672317,19.339219442936542,0.0]}},
{"type":"Feature","properties":{"circuito":null,"SISTEMA":"STE Trolebús","NOMBRE":"Av. Copilco","TIPO":"Intermedia","LINEA":"07","ALCALDIAS":"Coyoacán","Ramp_s_rue":"Sí"},"geometry":{"type":"Point","coordinates":[-99.183603716704738,19.337714772307152,0.0]}},
{"type":"Feature","properties":{"circuito":null,"SISTEMA":"STE Trolebús","NOMBRE":"Retorno Copilco","TIPO":"Intermedia","LINEA":"07","ALCALDIAS":"Coyoacán","Ramp_s_rue":"Sí"},"geometry":{"type":"Point","coordinates":[-99.185770128661133,19.337922023506454,0.0]}},
{"type":"Feature","properties":{"circuito":null,"SISTEMA":"STE Trolebús","NOMBRE":"Terminal Zacatenco","TIPO":"Terminal","LINEA":"08","ALCALDIAS":"Gustavo A. Madero","Ramp_s_rue":"Sí"},"geometry":{"type":"Point","coordinates":[-99.136256112306356,19.495333348288757,0.0]}},
{"type":"Feature","properties":{"circuito":null,"SISTEMA":"STE Trolebús","NOMBRE":"Edif. 1 ESIME","TIPO":"Intermedia","LINEA":"08","ALCALDIAS":"Gustavo A. Madero","Ramp_s_rue":"Sí"},"geometry":{"type":"Point","coordinates":[-99.136456507451825,19.497762642998836,0.0]}},
{"type":"Feature","properties":{"circuito":null,"SISTEMA":"STE Trolebús","NOMBRE":"Edif. 2 ESIME","TIPO":"Intermedia","LINEA":"08","ALCALDIAS":"Gustavo A. Madero","Ramp_s_rue":"Sí"},"geometry":{"type":"Point","coordinates":[-99.136312638111548,19.498511054050038,0.0]}},
{"type":"Feature","properties":{"circuito":null,"SISTEMA":"STE Trolebús","NOMBRE":"Edif. 4 ESIME","TIPO":"Intermedia","LINEA":"08","ALCALDIAS":"Gustavo A. Madero","Ramp_s_rue":"Sí"},"geometry":{"type":"Point","coordinates":[-99.136062575200526,19.499790241604146,0.0]}},
{"type":"Feature","properties":{"circuito":null,"SISTEMA":"STE Trolebús","NOMBRE":"Edif. 6 ESIQIE","TIPO":"Intermedia","LINEA":"08","ALCALDIAS":"Gustavo A. Madero","Ramp_s_rue":"Sí"},"geometry":{"type":"Point","coordinates":[-99.135818380594245,19.501053734310251,0.0]}},
{"type":"Feature","properties":{"circuito":null,"SISTEMA":"STE Trolebús","NOMBRE":"Edif. 8 ESIQIE","TIPO":"Intermedia","LINEA":"08","ALCALDIAS":"Gustavo A. Madero","Ramp_s_rue":"Sí"},"geometry":{"type":"Point","coordinates":[-99.135569761039761,19.502340940884874,0.0]}},
{"type":"Feature","properties":{"circuito":null,"SISTEMA":"STE Trolebús","NOMBRE":"Edif. 10 ESIA","TIPO":"Intermedia","LINEA":"08","ALCALDIAS":"Gustavo A. Madero","Ramp_s_rue":"Sí"},"geometry":{"type":"Point","coordinates":[-99.135771672853139,19.503878989199741,0.0]}},
{"type":"Feature","properties":{"circuito":null,"SISTEMA":"STE Trolebús","NOMBRE":"Edif. 11 ESIA","TIPO":"Intermedia","LINEA":"08","ALCALDIAS":"Gustavo A. Madero","Ramp_s_rue":"Sí"},"geometry":{"type":"Point","coordinates":[-99.136914997484382,19.504040997087714,0.0]}},
{"type":"Feature","properties":{"circuito":null,"SISTEMA":"STE Trolebús","NOMBRE":"Biblioteca ESIA","TIPO":"Intermedia","LINEA":"08","ALCALDIAS":"Gustavo A. Madero","Ramp_s_rue":"Sí"},"geometry":{"type":"Point","coordinates":[-99.138414618063862,19.504287692974902,0.0]}},
{"type":"Feature","properties":{"circuito":null,"SISTEMA":"STE Trolebús","NOMBRE":"Secretaría de Extensión y Difusión","TIPO":"Intermedia","LINEA":"08","ALCALDIAS":"Gustavo A. Madero","Ramp_s_rue":"Sí"},"geometry":{"type":"Point","coordinates":[-99.139732448544393,19.504524529887828,0.0]}},
{"type":"Feature","properties":{"circuito":null,"SISTEMA":"STE Trolebús","NOMBRE":"Central de Inteligencia de Cómputo","TIPO":"Intermedia","LINEA":"08","ALCALDIAS":"Gustavo A. Madero","Ramp_s_rue":"Sí"},"geometry":{"type":"Point","coordinates":[-99.142137241511463,19.504942596296978,0.0]}},
{"type":"Feature","properties":{"circuito":null,"SISTEMA":"STE Trolebús","NOMBRE":"Ma. Luisa Stampa Ortigoza","TIPO":"Intermedia","LINEA":"08","ALCALDIAS":"Gustavo A. Madero","Ramp_s_rue":"Sí"},"geometry":{"type":"Point","coordinates":[-99.14317576888881,19.505123130761277,0.0]}},
{"type":"Feature","properties":{"circuito":null,"SISTEMA":"STE Trolebús","NOMBRE":"ESCOM","TIPO":"Intermedia","LINEA":"08","ALCALDIAS":"Gustavo A. Madero","Ramp_s_rue":"Sí"},"geometry":{"type":"Point","coordinates":[-99.145109041911297,19.505539542191791,0.0]}},
{"type":"Feature","properties":{"circuito":null,"SISTEMA":"STE Trolebús","NOMBRE":"Juan de Dios Bátiz","TIPO":"Intermedia","LINEA":"08","ALCALDIAS":"Gustavo A. Madero","Ramp_s_rue":"Sí"},"geometry":{"type":"Point","coordinates":[-99.146493775124924,19.506456306908024,0.0]}},
{"type":"Feature","properties":{"circuito":null,"SISTEMA":"STE Trolebús","NOMBRE":"J. Othón de Mendizábal","TIPO":"Intermedia","LINEA":"08","ALCALDIAS":"Gustavo A. Madero","Ramp_s_rue":"Sí"},"geometry":{"type":"Point","coordinates":[-99.151163613726226,19.504514006587822,0.0]}},
{"type":"Feature","properties":{"circuito":null,"SISTEMA":"STE Trolebús","NOMBRE":"Politécnico Poniente","TIPO":"Intermedia","LINEA":"08","ALCALDIAS":"Gustavo A. Madero","Ramp_s_rue":"Sí"},"geometry":{"type":"Point","coordinates":[-99.149592162691619,19.500543200290455,0.0]}},
{"type":"Feature","properties":{"circuito":null,"SISTEMA":"STE Trolebús","NOMBRE":"Montevideo","TIPO":"Transbordo","LINEA":"08","ALCALDIAS":"Gustavo A. Madero","Ramp_s_rue":"Sí"},"geometry":{"type":"Point","coordinates":[-99.146486485845386,19.493648461493688,0.0]}},
{"type":"Feature","properties":{"circuito":null,"SISTEMA":"STE Trolebús","NOMBRE":"Otavalo","TIPO":"Intermedia","LINEA":"08","ALCALDIAS":"Gustavo A. Madero","Ramp_s_rue":"Sí"},"geometry":{"type":"Point","coordinates":[-99.146621756916147,19.49535526318882,0.0]}},
{"type":"Feature","properties":{"circuito":null,"SISTEMA":"STE Trolebús","NOMBRE":"Wilfrido Massieu","TIPO":"Intermedia","LINEA":"08","ALCALDIAS":"Gustavo A. Madero","Ramp_s_rue":"Sí"},"geometry":{"type":"Point","coordinates":[-99.148065031300305,19.498997661452449,0.0]}},
{"type":"Feature","properties":{"circuito":null,"SISTEMA":"STE Trolebús","NOMBRE":"Politécnico Oriente","TIPO":"Intermedia","LINEA":"08","ALCALDIAS":"Gustavo A. Madero","Ramp_s_rue":"Sí"},"geometry":{"type":"Point","coordinates":[-99.148682706582562,19.500556437137291,0.0]}},
{"type":"Feature","properties":{"circuito":null,"SISTEMA":"STE Trolebús","NOMBRE":"J. Othón de Mendizábal","TIPO":"Intermedia","LINEA":"08","ALCALDIAS":"Gustavo A. Madero","Ramp_s_rue":"Sí"},"geometry":{"type":"Point","coordinates":[-99.150332433736949,19.50471955664645,0.0]}},
{"type":"Feature","properties":{"circuito":null,"SISTEMA":"STE Trolebús","NOMBRE":"Av. Central","TIPO":"Intermedia","LINEA":"08","ALCALDIAS":"Gustavo A. Madero","Ramp_s_rue":"Sí"},"geometry":{"type":"Point","coordinates":[-99.148361345150676,19.50586350018996,0.0]}},
{"type":"Feature","properties":{"circuito":null,"SISTEMA":"STE Trolebús","NOMBRE":"Juan de Dios Bátiz","TIPO":"Intermedia","LINEA":"08","ALCALDIAS":"Gustavo A. Madero","Ramp_s_rue":"Sí"},"geometry":{"type":"Point","coordinates":[-99.14680270438501,19.506287199551767,0.0]}},
{"type":"Feature","properties":{"circuito":null,"SISTEMA":"STE Trolebús","NOMBRE":"ESCOM","TIPO":"Intermedia","LINEA":"08","ALCALDIAS":"Gustavo A. Madero","Ramp_s_rue":"Sí"},"geometry":{"type":"Point","coordinates":[-99.145434250262525,19.505490737468271,0.0]}},
{"type":"Feature","properties":{"circuito":null,"SISTEMA":"STE Trolebús","NOMBRE":"Ma. Luisa Stampa Ortigoza","TIPO":"Intermedia","LINEA":"08","ALCALDIAS":"Gustavo A. Madero","Ramp_s_rue":"Sí"},"geometry":{"type":"Point","coordinates":[-99.143215559741847,19.504836594550333,0.0]}},
{"type":"Feature","properties":{"circuito":null,"SISTEMA":"STE Trolebús","NOMBRE":"Central de Inteligencia de Cómputo","TIPO":"Intermedia","LINEA":"08","ALCALDIAS":"Gustavo A. Madero","Ramp_s_rue":"Sí"},"geometry":{"type":"Point","coordinates":[-99.142215138290965,19.504660995973961,0.0]}},
{"type":"Feature","properties":{"circuito":null,"SISTEMA":"STE Trolebús","NOMBRE":"Cancha de Entrenamiento Pieles Rojas","TIPO":"Intermedia","LINEA":"08","ALCALDIAS":"Gustavo A. Madero","Ramp_s_rue":"Sí"},"geometry":{"type":"Point","coordinates":[-99.139495041519112,19.504183522142213,0.0]}},
{"type":"Feature","properties":{"circuito":null,"SISTEMA":"STE Trolebús","NOMBRE":"Edif. 11 ESIA","TIPO":"Intermedia","LINEA":"08","ALCALDIAS":"Gustavo A. Madero","Ramp_s_rue":"Sí"},"geometry":{"type":"Point","coordinates":[-99.137033625803269,19.503754907501374,0.0]}},
{"type":"Feature","properties":{"circuito":null,"SISTEMA":"STE Trolebús","NOMBRE":"Manuel de Anda y Barredo","TIPO":"Intermedia","LINEA":"08","ALCALDIAS":"Gustavo A. Madero","Ramp_s_rue":"Sí"},"geometry":{"type":"Point","coordinates":[-99.135968534632156,19.503569721943208,0.0]}},
{"type":"Feature","properties":{"circuito":null,"SISTEMA":"STE Trolebús","NOMBRE":"Edif. 8 ESIQIE","TIPO":"Intermedia","LINEA":"08","ALCALDIAS":"Gustavo A. Madero","Ramp_s_rue":"Sí"},"geometry":{"type":"Point","coordinates":[-99.135753160784603,19.502373357738012,0.0]}},
{"type":"Feature","properties":{"circuito":null,"SISTEMA":"STE Trolebús","NOMBRE":"Edif. 6 ESIQIE","TIPO":"Intermedia","LINEA":"08","ALCALDIAS":"Gustavo A. Madero","Ramp_s_rue":"Sí"},"geometry":{"type":"Point","coordinates":[-99.136002397964475,19.501084507674829,0.0]}},
{"type":"Feature","properties":{"circuito":null,"SISTEMA":"STE Trolebús","NOMBRE":"Edif. 4 ESIME","TIPO":"Intermedia","LINEA":"08","ALCALDIAS":"Gustavo A. Madero","Ramp_s_rue":"Sí"},"geometry":{"type":"Point","coordinates":[-99.136248142753203,19.499813697247991,0.0]}},
{"type":"Feature","properties":{"circuito":null,"SISTEMA":"STE Trolebús","NOMBRE":"Edif. 2 ESIME","TIPO":"Intermedia","LINEA":"08","ALCALDIAS":"Gustavo A. Madero","Ramp_s_rue":"Sí"},"geometry":{"type":"Point","coordinates":[-99.136494791779739,19.498538190661279,0.0]}},
{"type":"Feature","properties":{"circuito":null,"SISTEMA":"STE Trolebús","NOMBRE":"Edif. 1 ESIME","TIPO":"Intermedia","LINEA":"08","ALCALDIAS":"Gustavo A. Madero","Ramp_s_rue":"Sí"},"geometry":{"type":"Point","coordinates":[-99.136639209315447,19.497791348773937,0.0]}},
{"type":"Feature","properties":{"circuito":null,"SISTEMA":"STE Trolebús","NOMBRE":"CENLEX","TIPO":"Intermedia","LINEA":"08","ALCALDIAS":"Gustavo A. Madero","Ramp_s_rue":"Sí"},"geometry":{"type":"Point","coordinates":[-99.139293509614262,19.495937513218021,0.0]}},
{"type":"Feature","properties":{"circuito":null,"SISTEMA":"STE Trolebús","NOMBRE":"Planetario","TIPO":"Intermedia","LINEA":"08","ALCALDIAS":"Gustavo A. Madero","Ramp_s_rue":"Sí"},"geometry":{"type":"Point","coordinates":[-99.140211410185316,19.496220666919225,0.0]}},
{"type":"Feature","properties":{"circuito":null,"SISTEMA":"STE Trolebús","NOMBRE":"Centro de Formación e Innovación Educativa","TIPO":"Intermedia","LINEA":"08","ALCALDIAS":"Gustavo A. Madero","Ramp_s_rue":"Sí"},"geometry":{"type":"Point","coordinates":[-99.141899713567042,19.49700308142506,0.0]}},
{"type":"Feature","properties":{"circuito":null,"SISTEMA":"STE Trolebús","NOMBRE":"Escuela Nacional de Ciencias Biológicas","TIPO":"Intermedia","LINEA":"08","ALCALDIAS":"Gustavo A. Madero","Ramp_s_rue":"Sí"},"geometry":{"type":"Point","coordinates":[-99.145792389540674,19.498712001732361,0.0]}},
{"type":"Feature","properties":{"circuito":null,"SISTEMA":"STE Trolebús","NOMBRE":"Via Ceti","TIPO":"Intermedia","LINEA":"08","ALCALDIAS":"Gustavo A. Madero","Ramp_s_rue":"Sí"},"geometry":{"type":"Point","coordinates":[-99.143958916811542,19.497618285480915,0.0]}},
{"type":"Feature","properties":{"circuito":null,"SISTEMA":"STE Trolebús","NOMBRE":"Centro de Formación e Innovación Educativa","TIPO":"Intermedia","LINEA":"08","ALCALDIAS":"Gustavo A. Madero","Ramp_s_rue":"Sí"},"geometry":{"type":"Point","coordinates":[-99.142040099094729,19.496738713861014,0.0]}},
{"type":"Feature","properties":{"circuito":null,"SISTEMA":"STE Trolebús","NOMBRE":"Av. 45 Metros","TIPO":"Intermedia","LINEA":"08","ALCALDIAS":"Gustavo A. Madero","Ramp_s_rue":"Sí"},"geometry":{"type":"Point","coordinates":[-99.140701542717366,19.496125111908881,0.0]}},
{"type":"Feature","properties":{"circuito":null,"SISTEMA":"STE Trolebús","NOMBRE":"Huacho","TIPO":"Intermedia","LINEA":"08","ALCALDIAS":"Gustavo A. Madero","Ramp_s_rue":"Sí"},"geometry":{"type":"Point","coordinates":[-99.139347206996135,19.495656624255666,0.0]}},
{"type":"Feature","properties":{"circuito":null,"SISTEMA":"STE Trolebús","NOMBRE":"Oroya","TIPO":"Intermedia","LINEA":"08","ALCALDIAS":"Gustavo A. Madero","Ramp_s_rue":"Sí"},"geometry":{"type":"Point","coordinates":[-99.13634381286947,19.49496217058396,0.0]}},
{"type":"Feature","properties":{"circuito":null,"SISTEMA":"STE Trolebús","NOMBRE":"El Queso","TIPO":"Intermedia","LINEA":"08","ALCALDIAS":"Gustavo A. Madero","Ramp_s_rue":"Sí"},"geometry":{"type":"Point","coordinates":[-99.135003993398868,19.494947854330938,0.0]}},
{"type":"Feature","properties":{"circuito":null,"SISTEMA":"STE Trolebús","NOMBRE":"Cetram Pantitlán","TIPO":"Terminal","LINEA":"02","ALCALDIAS":"Venustiano Carranza","Ramp_s_rue":"Sí"},"geometry":{"type":"Point","coordinates":[-99.073429734377541,19.416145142454969,0.0]}},
{"type":"Feature","properties":{"circuito":null,"SISTEMA":"STE Trolebús","NOMBRE":"Calzada Ignacio Zaragoza","TIPO":"Intermedia","LINEA":"02","ALCALDIAS":"Venustiano Carranza","Ramp_s_rue":"Sí"},"geometry":{"type":"Point","coordinates":[-99.076994417751663,19.409489839760372,0.0]}},
{"type":"Feature","properties":{"circuito":null,"SISTEMA":"STE Trolebús","NOMBRE":"Puebla","TIPO":"Intermedia","LINEA":"02","ALCALDIAS":"Venustiano Carranza","Ramp_s_rue":"Sí"},"geometry":{"type":"Point","coordinates":[-99.082396144501629,19.407437460768715,0.0]}},
{"type":"Feature","properties":{"circuito":null,"SISTEMA":"STE Trolebús","NOMBRE":"Puerta 8","TIPO":"Intermedia","LINEA":"02","ALCALDIAS":"Venustiano Carranza","Ramp_s_rue":"Sí"},"geometry":{"type":"Point","coordinates":[-99.085524726321964,19.407872479221375,0.0]}},
{"type":"Feature","properties":{"circuito":null,"SISTEMA":"STE Trolebús","NOMBRE":"Ciudad Deportiva","TIPO":"Intermedia","LINEA":"02","ALCALDIAS":"Venustiano Carranza","Ramp_s_rue":"Sí"},"geometry":{"type":"Point","coordinates":[-99.091032217326486,19.408640354784644,0.0]}},
{"type":"Feature","properties":{"circuito":null,"SISTEMA":"STE Trolebús","NOMBRE":"Velódromo","TIPO":"Intermedia","LINEA":"02","ALCALDIAS":"Venustiano Carranza","Ramp_s_rue":"Sí"},"geometry":{"type":"Point","coordinates":[-99.105029215022483,19.408374391858121,0.0]}},
{"type":"Feature","properties":{"circuito":null,"SISTEMA":"STE Trolebús","NOMBRE":"ESEF","TIPO":"Intermedia","LINEA":"02","ALCALDIAS":"Iztacalco","Ramp_s_rue":"Sí"},"geometry":{"type":"Point","coordinates":[-99.102698376842099,19.406407837602142,0.0]}},
{"type":"Feature","properties":{"circuito":null,"SISTEMA":"STE Trolebús","NOMBRE":"Palacio de los Deportes","TIPO":"Intermedia","LINEA":"02","ALCALDIAS":"Iztacalco","Ramp_s_rue":"Sí"},"geometry":{"type":"Point","coordinates":[-99.101116621236315,19.403491378068853,0.0]}},
{"type":"Feature","properties":{"circuito":null,"SISTEMA":"STE Trolebús","NOMBRE":"Av. Río Churubusco","TIPO":"Intermedia","LINEA":"02","ALCALDIAS":"Iztacalco","Ramp_s_rue":"Sí"},"geometry":{"type":"Point","coordinates":[-99.098754273873425,19.402875022261433,0.0]}},
{"type":"Feature","properties":{"circuito":null,"SISTEMA":"STE Trolebús","NOMBRE":"Ciudad Deportiva","TIPO":"Intermedia","LINEA":"02","ALCALDIAS":"Iztacalco","Ramp_s_rue":"Sí"},"geometry":{"type":"Point","coordinates":[-99.09161555259017,19.408308289462198,0.0]}},
{"type":"Feature","properties":{"circuito":null,"SISTEMA":"STE Trolebús","NOMBRE":"Puerta 8","TIPO":"Intermedia","LINEA":"02","ALCALDIAS":"Iztacalco","Ramp_s_rue":"Sí"},"geometry":{"type":"Point","coordinates":[-99.086024615019952,19.407488984267545,0.0]}},
{"type":"Feature","properties":{"circuito":null,"SISTEMA":"STE Trolebús","NOMBRE":"Puebla","TIPO":"Intermedia","LINEA":"02","ALCALDIAS":"Iztacalco","Ramp_s_rue":"Sí"},"geometry":{"type":"Point","coordinates":[-99.082707971092049,19.407025955797732,0.0]}},
{"type":"Feature","properties":{"circuito":null,"SISTEMA":"STE Trolebús","NOMBRE":"Calzada Ignacio Zaragoza","TIPO":"Intermedia","LINEA":"02","ALCALDIAS":"Iztacalco","Ramp_s_rue":"Sí"},"geometry":{"type":"Point","coordinates":[-99.077089514754604,19.408148965148836,0.0]}},
{"type":"Feature","properties":{"circuito":null,"SISTEMA":"STE Trolebús","NOMBRE":"Tejocotes","TIPO":"Intermedia","LINEA":"03","ALCALDIAS":"Benito Juárez","Ramp_s_rue":"Sí"},"geometry":{"type":"Point","coordinates":[-99.177350551611454,19.373392321407959,0.0]}},
{"type":"Feature","properties":{"circuito":null,"SISTEMA":"STE Trolebús","NOMBRE":"Augusto Rodín","TIPO":"Intermedia","LINEA":"03","ALCALDIAS":"Benito Juárez","Ramp_s_rue":"Sí"},"geometry":{"type":"Point","coordinates":[-99.182842816871869,19.374693694256479,0.0]}},
{"type":"Feature","properties":{"circuito":null,"SISTEMA":"STE Trolebús","NOMBRE":"Patriotismo","TIPO":"Intermedia","LINEA":"03","ALCALDIAS":"Benito Juárez","Ramp_s_rue":"Sí"},"geometry":{"type":"Point","coordinates":[-99.186573665364236,19.375711859293244,0.0]}},
{"type":"Feature","properties":{"circuito":null,"SISTEMA":"STE Trolebús","NOMBRE":"Agrario","TIPO":"Intermedia","LINEA":"07","ALCALDIAS":"Iztapalapa","Ramp_s_rue":"Sí"},"geometry":{"type":"Point","coordinates":[-99.10820949039524,19.33267876303961,0.0]}},
{"type":"Feature","properties":{"circuito":null,"SISTEMA":"STE Trolebús","NOMBRE":"Javier Sorondo","TIPO":"Intermedia","LINEA":"09","ALCALDIAS":"Benito Juárez","Ramp_s_rue":"Sí"},"geometry":{"type":"Point","coordinates":[-99.136074657940071,19.387463727315986,0.0]}},
{"type":"Feature","properties":{"circuito":null,"SISTEMA":"STE Trolebús","NOMBRE":"José Revueltas","TIPO":"Intermedia","LINEA":"09","ALCALDIAS":"Benito Juárez","Ramp_s_rue":"Sí"},"geometry":{"type":"Point","coordinates":[-99.133875623079987,19.38719663821151,0.0]}},
{"type":"Feature","properties":{"circuito":null,"SISTEMA":"STE Trolebús","NOMBRE":"Fco. Fernández del Castillo","TIPO":"Intermedia","LINEA":"09","ALCALDIAS":"Benito Juárez","Ramp_s_rue":"Sí"},"geometry":{"type":"Point","coordinates":[-99.133736446116089,19.385973058096287,0.0]}},
{"type":"Feature","properties":{"circuito":null,"SISTEMA":"STE Trolebús","NOMBRE":"Plutarco Elías Calles","TIPO":"Intermedia","LINEA":"09","ALCALDIAS":"Iztacalco","Ramp_s_rue":"Sí"},"geometry":{"type":"Point","coordinates":[-99.132841054991957,19.384325848816754,0.0]}},
{"type":"Feature","properties":{"circuito":null,"SISTEMA":"STE Trolebús","NOMBRE":"Playa Ola Verde","TIPO":"Intermedia","LINEA":"09","ALCALDIAS":"Iztacalco","Ramp_s_rue":"Sí"},"geometry":{"type":"Point","coordinates":[-99.131187467295092,19.384029340246499,0.0]}},
{"type":"Feature","properties":{"circuito":null,"SISTEMA":"STE Trolebús","NOMBRE":"Andrés Molina Enríquez","TIPO":"Intermedia","LINEA":"09","ALCALDIAS":"Iztacalco","Ramp_s_rue":"Sí"},"geometry":{"type":"Point","coordinates":[-99.129584752228183,19.383731026581998,0.0]}},
{"type":"Feature","properties":{"circuito":null,"SISTEMA":"STE Trolebús","NOMBRE":"Playa Miramar","TIPO":"Intermedia","LINEA":"09","ALCALDIAS":"Iztacalco","Ramp_s_rue":"Sí"},"geometry":{"type":"Point","coordinates":[-99.128365263869512,19.383524434775559,0.0]}},
{"type":"Feature","properties":{"circuito":null,"SISTEMA":"STE Trolebús","NOMBRE":"Playa Mirador","TIPO":"Intermedia","LINEA":"09","ALCALDIAS":"Iztacalco","Ramp_s_rue":"Sí"},"geometry":{"type":"Point","coordinates":[-99.126478675486993,19.383187881885814,0.0]}},
{"type":"Feature","properties":{"circuito":null,"SISTEMA":"STE Trolebús","NOMBRE":"Playa Cortés","TIPO":"Intermedia","LINEA":"09","ALCALDIAS":"Iztacalco","Ramp_s_rue":"Sí"},"geometry":{"type":"Point","coordinates":[-99.125034786455245,19.382930288988074,0.0]}},
{"type":"Feature","properties":{"circuito":null,"SISTEMA":"STE Trolebús","NOMBRE":"De la Viga","TIPO":"Intermedia","LINEA":"09","ALCALDIAS":"Iztacalco","Ramp_s_rue":"Sí"},"geometry":{"type":"Point","coordinates":[-99.122755480745198,19.382523630950203,0.0]}},
{"type":"Feature","properties":{"circuito":null,"SISTEMA":"STE Trolebús","NOMBRE":"Mártires de Río Blanco","TIPO":"Intermedia","LINEA":"09","ALCALDIAS":"Iztapalapa","Ramp_s_rue":"Sí"},"geometry":{"type":"Point","coordinates":[-99.119898344586886,19.382204280230265,0.0]}},
{"type":"Feature","properties":{"circuito":null,"SISTEMA":"STE Trolebús","NOMBRE":"Antropólogos","TIPO":"Intermedia","LINEA":"09","ALCALDIAS":"Iztapalapa","Ramp_s_rue":"Sí"},"geometry":{"type":"Point","coordinates":[-99.117810736444838,19.382092868262937,0.0]}},
{"type":"Feature","properties":{"circuito":null,"SISTEMA":"STE Trolebús","NOMBRE":"V. Gómez Farías","TIPO":"Intermedia","LINEA":"09","ALCALDIAS":"Iztacalco","Ramp_s_rue":"Sí"},"geometry":{"type":"Point","coordinates":[-99.117419896488599,19.383483208039994,0.0]}},
{"type":"Feature","properties":{"circuito":null,"SISTEMA":"STE Trolebús","NOMBRE":"Juan Álvarez","TIPO":"Intermedia","LINEA":"09","ALCALDIAS":"Iztacalco","Ramp_s_rue":"Sí"},"geometry":{"type":"Point","coordinates":[-99.117112794112984,19.385290028710081,0.0]}},
{"type":"Feature","properties":{"circuito":null,"SISTEMA":"STE Trolebús","NOMBRE":"Estudios Churubusco","TIPO":"Intermedia","LINEA":"09","ALCALDIAS":"Iztacalco","Ramp_s_rue":"Sí"},"geometry":{"type":"Point","coordinates":[-99.117002611910607,19.387083259844019,0.0]}},
{"type":"Feature","properties":{"circuito":null,"SISTEMA":"STE Trolebús","NOMBRE":"Canal de Tezontle","TIPO":"Intermedia","LINEA":"09","ALCALDIAS":"Iztacalco","Ramp_s_rue":"Sí"},"geometry":{"type":"Point","coordinates":[-99.116903257554952,19.388387547100841,0.0]}},
{"type":"Feature","properties":{"circuito":null,"SISTEMA":"STE Trolebús","NOMBRE":"Estudios San Ángel Inn","TIPO":"Intermedia","LINEA":"09","ALCALDIAS":"Iztacalco","Ramp_s_rue":"Sí"},"geometry":{"type":"Point","coordinates":[-99.115405133556095,19.388594810139068,0.0]}},
{"type":"Feature","properties":{"circuito":null,"SISTEMA":"STE Trolebús","NOMBRE":"Iztacalco","TIPO":"Intermedia","LINEA":"09","ALCALDIAS":"Iztacalco","Ramp_s_rue":"Sí"},"geometry":{"type":"Point","coordinates":[-99.112209883139599,19.388268460865678,0.0]}},
{"type":"Feature","properties":{"circuito":null,"SISTEMA":"STE Trolebús","NOMBRE":"Corales","TIPO":"Intermedia","LINEA":"09","ALCALDIAS":"Iztacalco","Ramp_s_rue":"Sí"},"geometry":{"type":"Point","coordinates":[-99.109076839687845,19.387764291945967,0.0]}},
{"type":"Feature","properties":{"circuito":null,"SISTEMA":"STE Trolebús","NOMBRE":"Zacate","TIPO":"Intermedia","LINEA":"09","ALCALDIAS":"Iztacalco","Ramp_s_rue":"Sí"},"geometry":{"type":"Point","coordinates":[-99.106559371872024,19.387142645465726,0.0]}},
{"type":"Feature","properties":{"circuito":null,"SISTEMA":"STE Trolebús","NOMBRE":"Maguey","TIPO":"Intermedia","LINEA":"09","ALCALDIAS":"Iztacalco","Ramp_s_rue":"Sí"},"geometry":{"type":"Point","coordinates":[-99.103932165627839,19.386511458595489,0.0]}},
{"type":"Feature","properties":{"circuito":null,"SISTEMA":"STE Trolebús","NOMBRE":"Río Churubusco","TIPO":"Intermedia","LINEA":"09","ALCALDIAS":"Iztacalco","Ramp_s_rue":"Sí"},"geometry":{"type":"Point","coordinates":[-99.101124194115059,19.38583679539548,0.0]}},
{"type":"Feature","properties":{"circuito":null,"SISTEMA":"STE Trolebús","NOMBRE":"Girasol","TIPO":"Intermedia","LINEA":"09","ALCALDIAS":"Iztacalco","Ramp_s_rue":"Sí"},"geometry":{"type":"Point","coordinates":[-99.101116736647526,19.383500268998688,0.0]}},
{"type":"Feature","properties":{"circuito":null,"SISTEMA":"STE Trolebús","NOMBRE":"Apatlaco","TIPO":"Intermedia","LINEA":"09","ALCALDIAS":"Iztacalco","Ramp_s_rue":"Sí"},"geometry":{"type":"Point","coordinates":[-99.101521285027317,19.380604240764583,0.0]}},
{"type":"Feature","properties":{"circuito":null,"SISTEMA":"STE Trolebús","NOMBRE":"Chinampas","TIPO":"Intermedia","LINEA":"09","ALCALDIAS":"Iztacalco","Ramp_s_rue":"Sí"},"geometry":{"type":"Point","coordinates":[-99.1029627192584,19.380462423687749,0.0]}},
{"type":"Feature","properties":{"circuito":null,"SISTEMA":"STE Trolebús","NOMBRE":"Raíz del Agua","TIPO":"Intermedia","LINEA":"09","ALCALDIAS":"Iztacalco","Ramp_s_rue":"Sí"},"geometry":{"type":"Point","coordinates":[-99.105570279131669,19.380804630306148,0.0]}},
{"type":"Feature","properties":{"circuito":null,"SISTEMA":"STE Trolebús","NOMBRE":"Joaquín García","TIPO":"Intermedia","LINEA":"09","ALCALDIAS":"Iztacalco","Ramp_s_rue":"Sí"},"geometry":{"type":"Point","coordinates":[-99.113476742390574,19.381788934838838,0.0]}},
{"type":"Feature","properties":{"circuito":null,"SISTEMA":"STE Trolebús","NOMBRE":"José María Mata","TIPO":"Intermedia","LINEA":"09","ALCALDIAS":"Iztacalco","Ramp_s_rue":"Sí"},"geometry":{"type":"Point","coordinates":[-99.115577837850893,19.382057899071128,0.0]}},
{"type":"Feature","properties":{"circuito":null,"SISTEMA":"STE Trolebús","NOMBRE":"Melchor Ocampo","TIPO":"Intermedia","LINEA":"09","ALCALDIAS":"Iztacalco","Ramp_s_rue":"Sí"},"geometry":{"type":"Point","coordinates":[-99.117512392830008,19.382211869993927,0.0]}},
{"type":"Feature","properties":{"circuito":null,"SISTEMA":"STE Trolebús","NOMBRE":"Mártires de Río Blanco","TIPO":"Intermedia","LINEA":"09","ALCALDIAS":"Iztacalco","Ramp_s_rue":"Sí"},"geometry":{"type":"Point","coordinates":[-99.119912314706198,19.382304327798085,0.0]}},
{"type":"Feature","properties":{"circuito":null,"SISTEMA":"STE Trolebús","NOMBRE":"De la Viga","TIPO":"Intermedia","LINEA":"09","ALCALDIAS":"Iztacalco","Ramp_s_rue":"Sí"},"geometry":{"type":"Point","coordinates":[-99.121873918149944,19.382427281044318,0.0]}},
{"type":"Feature","properties":{"circuito":null,"SISTEMA":"STE Trolebús","NOMBRE":"Playa Cortés","TIPO":"Intermedia","LINEA":"09","ALCALDIAS":"Iztacalco","Ramp_s_rue":"Sí"},"geometry":{"type":"Point","coordinates":[-99.124782566756579,19.382951603971282,0.0]}},
{"type":"Feature","properties":{"circuito":null,"SISTEMA":"STE Trolebús","NOMBRE":"Playa Mirador","TIPO":"Intermedia","LINEA":"09","ALCALDIAS":"Iztacalco","Ramp_s_rue":"Sí"},"geometry":{"type":"Point","coordinates":[-99.126545380020829,19.383268525290127,0.0]}},
{"type":"Feature","properties":{"circuito":null,"SISTEMA":"STE Trolebús","NOMBRE":"Playa Miramar","TIPO":"Intermedia","LINEA":"09","ALCALDIAS":"Iztacalco","Ramp_s_rue":"Sí"},"geometry":{"type":"Point","coordinates":[-99.12803694778917,19.38353666734724,0.0]}},
{"type":"Feature","properties":{"circuito":null,"SISTEMA":"STE Trolebús","NOMBRE":"Playa Ola Verde","TIPO":"Intermedia","LINEA":"09","ALCALDIAS":"Iztacalco","Ramp_s_rue":"Sí"},"geometry":{"type":"Point","coordinates":[-99.131291959933904,19.384116442982826,0.0]}},
{"type":"Feature","properties":{"circuito":null,"SISTEMA":"STE Trolebús","NOMBRE":"Plutarco Elías Calles","TIPO":"Intermedia","LINEA":"09","ALCALDIAS":"Iztacalco","Ramp_s_rue":"Sí"},"geometry":{"type":"Point","coordinates":[-99.133542654489347,19.384515159010455,0.0]}},
{"type":"Feature","properties":{"circuito":null,"SISTEMA":"STE Trolebús","NOMBRE":"Javier Sorondo","TIPO":"Intermedia","LINEA":"09","ALCALDIAS":"Benito Juárez","Ramp_s_rue":"Sí"},"geometry":{"type":"Point","coordinates":[-99.135667590299832,19.384782927056463,0.0]}},
{"type":"Feature","properties":{"circuito":null,"SISTEMA":"STE Trolebús","NOMBRE":"Virginia","TIPO":"Intermedia","LINEA":"09","ALCALDIAS":"Benito Juárez","Ramp_s_rue":"Sí"},"geometry":{"type":"Point","coordinates":[-99.137200941902151,19.384981185556022,0.0]}},
{"type":"Feature","properties":{"circuito":null,"SISTEMA":"STE Trolebús","NOMBRE":"Tlalpan","TIPO":"Intermedia","LINEA":"09","ALCALDIAS":"Benito Juárez","Ramp_s_rue":"Sí"},"geometry":{"type":"Point","coordinates":[-99.13887642285556,19.386235548564592,0.0]}},
{"type":"Feature","properties":{"circuito":null,"SISTEMA":"STE Trolebús","NOMBRE":"Villa de Cortés","TIPO":"Terminal","LINEA":"09","ALCALDIAS":"Benito Juárez","Ramp_s_rue":"Sí"},"geometry":{"type":"Point","coordinates":[-99.137860658669894,19.387623433139108,0.0]}},
{"type":"Feature","properties":{"circuito":null,"SISTEMA":"STE Trolebús","NOMBRE":"Lomas Estrella","TIPO":"Intermedia","LINEA":"07","ALCALDIAS":"Iztapalapa","Ramp_s_rue":"Sí"},"geometry":{"type":"Point","coordinates":[-99.095815904132493,19.322283703028351,0.0]}},
{"type":"Feature","properties":{"circuito":null,"SISTEMA":"STE Trolebús","NOMBRE":"Calle 11","TIPO":"Intermedia","LINEA":"07","ALCALDIAS":"Iztapalapa","Ramp_s_rue":"Sí"},"geometry":{"type":"Point","coordinates":[-99.086092487168429,19.320403383635263,0.0]}},
{"type":"Feature","properties":{"circuito":null,"SISTEMA":"STE Trolebús","NOMBRE":"CETRAM Periférico Oriente","TIPO":"Terminal","LINEA":"07","ALCALDIAS":"Iztapalapa","Ramp_s_rue":"Sí"},"geometry":{"type":"Point","coordinates":[-99.075669332787754,19.317592397318986,0.0]}},
{"type":"Feature","properties":{"circuito":"1 y 2","SISTEMA":"STE Trolebús","NOMBRE":"T. San Felipe de Jesús","TIPO":"Terminal","LINEA":"05","ALCALDIAS":"Gustavo A. Madero","Ramp_s_rue":null},"geometry":{"type":"Point","coordinates":[-99.065097892781196,19.4960387245983,0.0]}},
{"type":"Feature","properties":{"circuito":null,"SISTEMA":"STE Trolebús","NOMBRE":"Cda. Manuel Stampa","TIPO":"Intermedia","LINEA":"08","ALCALDIAS":"Gustavo A. Madero","Ramp_s_rue":null},"geometry":{"type":"Point","coordinates":[-99.146800304060704,19.499128628029347,0.0]}},
{"type":"Feature","properties":{"circuito":null,"SISTEMA":"STE Trolebús","NOMBRE":"Rumania","TIPO":"Intermedia","LINEA":"03","ALCALDIAS":"Benito Juárez","Ramp_s_rue":null},"geometry":{"type":"Point","coordinates":[-99.145960051037747,19.368764603650913,0.0]}},
{"type":"Feature","properties":{"circuito":null,"SISTEMA":"STE Trolebús","NOMBRE":"Tepalcates","TIPO":"Terminal","LINEA":"09","ALCALDIAS":"Iztapalapa","Ramp_s_rue":null},"geometry":{"type":"Point","coordinates":[-99.048229462525825,19.391369752544733,0.0]}},
{"type":"Feature","properties":{"circuito":null,"SISTEMA":"STE Trolebús","NOMBRE":"Peñiscola","TIPO":"Intermedia","LINEA":"07","ALCALDIAS":"Iztapalapa","Ramp_s_rue":null},"geometry":{"type":"Point","coordinates":[-99.079806526508079,19.319541640359873,0.0]}},
{"type":"Feature","properties":{"circuito":null,"SISTEMA":"STE Trolebús","NOMBRE":"Peñiscola","TIPO":"Intermedia","LINEA":"07","ALCALDIAS":"Iztapalapa","Ramp_s_rue":null},"geometry":{"type":"Point","coordinates":[-99.080117131709017,19.319347085453792,0.0]}},
{"type":"Feature","properties":{"circuito":null,"SISTEMA":"STE Trolebús","NOMBRE":"Siracusa","TIPO":"Intermedia","LINEA":"07","ALCALDIAS":"Iztapalapa","Ramp_s_rue":null},"geometry":{"type":"Point","coordinates":[-99.092464541757366,19.321760248938013,0.0]}},
{"type":"Feature","properties":{"circuito":null,"SISTEMA":"STE Trolebús","NOMBRE":"Siracusa","TIPO":"Intermedia","LINEA":"07","ALCALDIAS":"Iztapalapa","Ramp_s_rue":null},"geometry":{"type":"Point","coordinates":[-99.092177829264187,19.321425751029309,0.0]}},
{"type":"Feature","properties":{"circuito":null,"SISTEMA":"STE Trolebús","NOMBRE":"Calle 11","TIPO":"Intermedia","LINEA":"07","ALCALDIAS":"Iztapalapa","Ramp_s_rue":null},"geometry":{"type":"Point","coordinates":[-99.085889485561395,19.320639739945008,0.0]}},
{"type":"Feature","properties":{"circuito":null,"SISTEMA":"STE Trolebús","NOMBRE":"CETRAM Periférico Oriente","TIPO":"Terminal","LINEA":"07","ALCALDIAS":"Iztapalapa","Ramp_s_rue":null},"geometry":{"type":"Point","coordinates":[-99.075140622006103,19.317689955508129,0.0]}},
{"type":"Feature","properties":{"circuito":null,"SISTEMA":"STE Trolebús","NOMBRE":"Av. 11","TIPO":"Intermedia","LINEA":"07","ALCALDIAS":"Iztapalapa","Ramp_s_rue":null},"geometry":{"type":"Point","coordinates":[-99.083916072243554,19.320260128214787,0.0]}},
{"type":"Feature","properties":{"circuito":null,"SISTEMA":"STE Trolebús","NOMBRE":"Av. 11","TIPO":"Intermedia","LINEA":"07","ALCALDIAS":"Iztapalapa","Ramp_s_rue":null},"geometry":{"type":"Point","coordinates":[-99.084325661519514,19.320075813040603,0.0]}},
{"type":"Feature","properties":{"circuito":null,"SISTEMA":"STE Trolebús","NOMBRE":"Ciudad Universitaria - Estadio C.U.","TIPO":"Terminal","LINEA":"07","ALCALDIAS":"Coyoacán","Ramp_s_rue":null},"geometry":{"type":"Point","coordinates":[-99.190501441580778,19.335801481304578,0.0]}},
{"type":"Feature","properties":{"circuito":null,"SISTEMA":"STE Trolebús Elevado","NOMBRE":"Acahualtepec","TIPO":"Terminal provisional","LINEA":"10","ALCALDIAS":"Iztapalapa","Ramp_s_rue":null},"geometry":{"type":"Point","coordinates":[-99.001961565738043,19.35635031877354,0.0]}},
{"type":"Feature","properties":{"circuito":null,"SISTEMA":"STE Trolebús","NOMBRE":"Tasqueña","TIPO":"Terminal","LINEA":"12","ALCALDIAS":"Coyoacán","Ramp_s_rue":null},"geometry":{"type":"Point","coordinates":[-99.139594,19.342846,0.0]}},
{"type":"Feature","properties":{"circuito":null,"SISTEMA":"STE Trolebús","NOMBRE":"División del Norte","TIPO":"Intermedia","LINEA":"12","ALCALDIAS":"Coyoacán","Ramp_s_rue":null},"geometry":{"type":"Point","coordinates":[-99.148832,19.34219,0.0]}},
{"type":"Feature","properties":{"circuito":null,"SISTEMA":"STE Trolebús","NOMBRE":"Los Pinos","TIPO":"Intermedia","LINEA":"12","ALCALDIAS":"Coyoacán","Ramp_s_rue":null},"geometry":{"type":"Point","coordinates":[-99.148252,19.340057,0.0]}},
{"type":"Feature","properties":{"circuito":null,"SISTEMA":"STE Trolebús","NOMBRE":"Pacífico","TIPO":"Intermedia","LINEA":"12","ALCALDIAS":"Coyoacán","Ramp_s_rue":null},"geometry":{"type":"Point","coordinates":[-99.150112,19.33764,0.0]}},
{"type":"Feature","properties":{"circuito":null,"SISTEMA":"STE Trolebús","NOMBRE":"Eje 10","TIPO":"Intermedia","LINEA":"12","ALCALDIAS":"Coyoacán","Ramp_s_rue":null},"geometry":{"type":"Point","coordinates":[-99.151283,19.334152,0.0]}},
{"type":"Feature","properties":{"circuito":null,"SISTEMA":"STE Trolebús","NOMBRE":"Cantil","TIPO":"Intermedia","LINEA":"12","ALCALDIAS":"Coyoacán","Ramp_s_rue":null},"geometry":{"type":"Point","coordinates":[-99.15428,19.329655,0.0]}},
{"type":"Feature","properties":{"circuito":null,"SISTEMA":"STE Trolebús","NOMBRE":"Moctezuma","TIPO":"Intermedia","LINEA":"12","ALCALDIAS":"Coyoacán","Ramp_s_rue":null},"geometry":{"type":"Point","coordinates":[-99.155442,19.328257,0.0]}},
{"type":"Feature","properties":{"circuito":null,"SISTEMA":"STE Trolebús","NOMBRE":"Ixtlixochitl","TIPO":"Intermedia","LINEA":"12","ALCALDIAS":"Coyoacán","Ramp_s_rue":null},"geometry":{"type":"Point","coordinates":[-99.158097,19.325249,0.0]}},
{"type":"Feature","properties":{"circuito":null,"SISTEMA":"STE Trolebús","NOMBRE":"Topiltzin","TIPO":"Intermedia","LINEA":"12","ALCALDIAS":"Coyoacán","Ramp_s_rue":null},"geometry":{"type":"Point","coordinates":[-99.159652,19.323442,0.0]}},
{"type":"Feature","properties":{"circuito":null,"SISTEMA":"STE Trolebús","NOMBRE":"Tepalcatzin","TIPO":"Intermedia","LINEA":"12","ALCALDIAS":"Coyoacán","Ramp_s_rue":null},"geometry":{"type":"Point","coordinates":[-99.162351,19.320447,0.0]}},
{"type":"Feature","properties":{"circuito":null,"SISTEMA":"STE Trolebús","NOMBRE":"Moctecuzoma","TIPO":"Intermedia","LINEA":"12","ALCALDIAS":"Coyoacán","Ramp_s_rue":null},"geometry":{"type":"Point","coordinates":[-99.165162,19.317224,0.0]}},
{"type":"Feature","properties":{"circuito":null,"SISTEMA":"STE Trolebús","NOMBRE":"Papatzin","TIPO":"Intermedia","LINEA":"12","ALCALDIAS":"Coyoacán","Ramp_s_rue":null},"geometry":{"type":"Point","coordinates":[-99.167829,19.314176,0.0]}},
{"type":"Feature","properties":{"circuito":null,"SISTEMA":"STE Trolebús","NOMBRE":"Cantera","TIPO":"Intermedia","LINEA":"12","ALCALDIAS":"Coyoacán","Ramp_s_rue":null},"geometry":{"type":"Point","coordinates":[-99.17085,19.311884,0.0]}},
{"type":"Feature","properties":{"circuito":null,"SISTEMA":"STE Trolebús","NOMBRE":"Tita Avendaño","TIPO":"Intermedia","LINEA":"12","ALCALDIAS":"Coyoacán","Ramp_s_rue":null},"geometry":{"type":"Point","coordinates":[-99.174002,19.31017,0.0]}},
{"type":"Feature","properties":{"circuito":null,"SISTEMA":"STE Trolebús","NOMBRE":"Cefiro","TIPO":"Intermedia","LINEA":"12","ALCALDIAS":"Coyoacán","Ramp_s_rue":null},"geometry":{"type":"Point","coordinates":[-99.179694,19.308041,0.0]}},
{"type":"Feature","properties":{"circuito":null,"SISTEMA":"STE Trolebús","NOMBRE":"Perisur","TIPO":"Terminal","LINEA":"12","ALCALDIAS":"Coyoacán","Ramp_s_rue":null},"geometry":{"type":"Point","coordinates":[-99.185954,19.304892,0.0]}},
{"type":"Feature","properties":{"circuito":null,"SISTEMA":"STE Trolebús","NOMBRE":"Cefiro","TIPO":"Intermedia","LINEA":"12","ALCALDIAS":"Coyoacán","Ramp_s_rue":null},"geometry":{"type":"Point","coordinates":[-99.180866,19.307384,0.0]}},
{"type":"Feature","properties":{"circuito":null,"SISTEMA":"STE Trolebús","NOMBRE":"Tita Avendaño","TIPO":"Intermedia","LINEA":"12","ALCALDIAS":"Coyoacán","Ramp_s_rue":null},"geometry":{"type":"Point","coordinates":[-99.174676,19.310024,0.0]}},
{"type":"Feature","properties":{"circuito":null,"SISTEMA":"STE Trolebús","NOMBRE":"Cantera","TIPO":"Intermedia","LINEA":"12","ALCALDIAS":"Coyoacán","Ramp_s_rue":null},"geometry":{"type":"Point","coordinates":[-99.170895,19.311979,0.0]}},
{"type":"Feature","properties":{"circuito":null,"SISTEMA":"STE Trolebús","NOMBRE":"Papatzín","TIPO":"Intermedia","LINEA":"12","ALCALDIAS":"Coyoacán","Ramp_s_rue":null},"geometry":{"type":"Point","coordinates":[-99.167957,19.314285,0.0]}},
{"type":"Feature","properties":{"circuito":null,"SISTEMA":"STE Trolebús","NOMBRE":"Moctecuzoma","TIPO":"Intermedia","LINEA":"12","ALCALDIAS":"Coyoacán","Ramp_s_rue":null},"geometry":{"type":"Point","coordinates":[-99.165298,19.317328,0.0]}},
{"type":"Feature","properties":{"circuito":null,"SISTEMA":"STE Trolebús","NOMBRE":"Tepalcatzin","TIPO":"Intermedia","LINEA":"12","ALCALDIAS":"Coyoacán","Ramp_s_rue":null},"geometry":{"type":"Point","coordinates":[-99.162484,19.320553,0.0]}},
{"type":"Feature","properties":{"circuito":null,"SISTEMA":"STE Trolebús","NOMBRE":"Topiltzin","TIPO":"Intermedia","LINEA":"12","ALCALDIAS":"Coyoacán","Ramp_s_rue":null},"geometry":{"type":"Point","coordinates":[-99.15978,19.323544,0.0]}},
{"type":"Feature","properties":{"circuito":null,"SISTEMA":"STE Trolebús","NOMBRE":"Ixtlixochitl","TIPO":"Intermedia","LINEA":"12","ALCALDIAS":"Coyoacán","Ramp_s_rue":null},"geometry":{"type":"Point","coordinates":[-99.158224,19.32534,0.0]}},
{"type":"Feature","properties":{"circuito":null,"SISTEMA":"STE Trolebús","NOMBRE":"Moctezuma","TIPO":"Intermedia","LINEA":"12","ALCALDIAS":"Coyoacán","Ramp_s_rue":null},"geometry":{"type":"Point","coordinates":[-99.155812,19.328097,0.0]}},
{"type":"Feature","properties":{"circuito":null,"SISTEMA":"STE Trolebús","NOMBRE":"Cantil","TIPO":"Intermedia","LINEA":"12","ALCALDIAS":"Coyoacán","Ramp_s_rue":null},"geometry":{"type":"Point","coordinates":[-99.154391,19.329607,0.0]}},
{"type":"Feature","properties":{"circuito":null,"SISTEMA":"STE Trolebús","NOMBRE":"Eje 10","TIPO":"Intermedia","LINEA":"12","ALCALDIAS":"Coyoacán","Ramp_s_rue":null},"geometry":{"type":"Point","coordinates":[-99.151289,19.333495,0.0]}},
{"type":"Feature","properties":{"circuito":null,"SISTEMA":"STE Trolebús","NOMBRE":"Pacífico","TIPO":"Intermedia","LINEA":"12","ALCALDIAS":"Coyoacán","Ramp_s_rue":null},"geometry":{"type":"Point","coordinates":[-99.148219,19.335295,0.0]}},
{"type":"Feature","properties":{"circuito":null,"SISTEMA":"STE Trolebús","NOMBRE":"Anillo Circunvalación","TIPO":"Intermedia","LINEA":"12","ALCALDIAS":"Coyoacán","Ramp_s_rue":null},"geometry":{"type":"Point","coordinates":[-99.147251,19.33771,0.0]}},
{"type":"Feature","properties":{"circuito":null,"SISTEMA":"STE Trolebús","NOMBRE":"Los Pinos","TIPO":"Intermedia","LINEA":"12","ALCALDIAS":"Coyoacán","Ramp_s_rue":null},"geometry":{"type":"Point","coordinates":[-99.147911,19.340028,0.0]}},
{"type":"Feature","properties":{"circuito":null,"SISTEMA":"STE Trolebús","NOMBRE":"Central","TIPO":"Intermedia","LINEA":"12","ALCALDIAS":"Coyoacán","Ramp_s_rue":null},"geometry":{"type":"Point","coordinates":[-99.147454,19.342282,0.0]}},
{"type":"Feature","properties":{"circuito":null,"SISTEMA":"STE Trolebús","NOMBRE":"Cerro Huitzilac","TIPO":"Intermedia","LINEA":"12","ALCALDIAS":"Coyoacán","Ramp_s_rue":null},"geometry":{"type":"Point","coordinates":[-99.141438,19.341542,0.0]}}
]
}
